2.000000000000000111e-01,-6.938893903907228378e-18,7.828001435223455378e-04
4.000000000000000222e-01,2.649947059764345969e-06,7.826349512672739787e-04
5.999999999999999778e-01,7.067118035553043853e-06,7.823593666544123928e-04
8.000000000000000444e-01,1.325239951760481816e-05,7.819729940143334366e-04
1.000000000000000000e+00,2.120702829143394919e-05,7.814752806341953607e-04
1.199999999999999956e+00,3.093258691392458681e-05,7.808655179820056481e-04
1.399999999999999911e+00,4.243099805018024639e-05,7.801428432804658007e-04
1.600000000000000089e+00,5.570451758817734911e-05,7.793062414302266228e-04
1.800000000000000044e+00,7.075572655438483460e-05,7.783545472824403766e-04
2.000000000000000000e+00,8.758752185496210263e-05,7.772864482601904391e-04
2.200000000000000178e+00,1.062031058729137611e-04,7.761004873284740695e-04
2.399999999999999911e+00,1.266059749534739765e-04,7.747950663121536824e-04
2.600000000000000089e+00,1.487999068145312576e-04,7.733684495614175786e-04
2.799999999999999822e+00,1.727889469215829199e-04,7.718187679636390403e-04
3.000000000000000000e+00,1.985773938701640429e-04,7.701440233009513962e-04
3.200000000000000178e+00,2.261697838218251766e-04,7.683420929521471562e-04
3.399999999999999911e+00,2.555708740415371660e-04,7.664107349374682260e-04
3.600000000000000089e+00,2.867856255888215355e-04,7.643475933046752109e-04
3.799999999999999822e+00,3.198191852146411995e-04,7.621502038542000805e-04
4.000000000000000000e+00,3.546768665217067684e-04,7.598160002011913492e-04
4.200000000000000178e+00,3.913641304438900126e-04,7.573423201717297730e-04
4.400000000000000355e+00,4.298865651058483839e-04,7.547264125299112157e-04
4.599999999999999645e+00,4.702498651230208049e-04,7.519654440326337423e-04
4.799999999999999822e+00,5.124598104034039370e-04,7.490565068078997978e-04
5.000000000000000000e+00,5.565222445162026910e-04,7.459966260521867266e-04
5.200000000000000178e+00,6.024430526889584803e-04,7.427827680423199465e-04
5.400000000000000355e+00,6.502281394992551200e-04,7.394118484560729086e-04
5.599999999999999645e+00,6.998834063245834569e-04,7.358807409959091175e-04
5.799999999999999822e+00,7.514147286151739991e-04,7.321862863092559390e-04
6.000000000000000000e+00,8.048279330543084420e-04,7.283253011985897684e-04
6.200000000000000178e+00,8.601287746693581093e-04,7.242945881136917535e-04
6.400000000000000355e+00,9.173229139565614032e-04,7.200909449182809350e-04
6.599999999999999645e+00,9.764158940814837706e-04,7.157111749226332956e-04
6.799999999999999822e+00,1.037413118215750607e-03,7.111520971731596528e-04
7.000000000000000000e+00,1.100319827068284295e-03,7.064105569899161927e-04
7.200000000000000178e+00,1.165141076669255760e-03,7.014834367422676008e-04
7.400000000000000355e+00,1.231881716461082077e-03,6.963676668528014221e-04
7.599999999999999645e+00,1.300546367749677579e-03,6.910602370195632243e-04
7.799999999999999822e+00,1.371139402566383392e-03,6.855582076462736138e-04
8.000000000000000000e+00,1.443664922988370514e-03,6.798587214704750322e-04
8.199999999999999289e+00,1.518126740962501275e-03,6.739590153796346482e-04
8.400000000000000355e+00,1.594528358674726642e-03,6.678564324056458865e-04
8.599999999999999645e+00,1.672872949503689810e-03,6.615484338888151516e-04
8.800000000000000711e+00,1.753163339594202008e-03,6.550326118030784127e-04
9.000000000000000000e+00,1.835401990082710655e-03,6.483067012357129118e-04
9.199999999999999289e+00,1.919590980002987279e-03,6.413685930158977968e-04
9.400000000000000355e+00,2.005731989897688305e-03,6.342163464888940548e-04
9.599999999999999645e+00,2.093826286156202920e-03,6.268482024347609566e-04
9.800000000000000711e+00,2.183874706096797930e-03,6.192625961337057481e-04
1.000000000000000000e+01,2.275877643806246964e-03,6.114581705842161855e-04
1.019999999999999929e+01,2.369835036747366258e-03,6.034337898843718934e-04
1.040000000000000036e+01,2.465746353139688929e-03,5.951885527930976137e-04
1.059999999999999964e+01,2.563610580116115756e-03,5.867218064945345759e-04
1.080000000000000071e+01,2.663426212653315084e-03,5.780331605977147465e-04
1.100000000000000000e+01,2.765191243271201971e-03,5.691225014139946652e-04
1.119999999999999929e+01,2.868903152491733555e-03,5.599900065673068215e-04
1.140000000000000036e+01,2.974558900045144727e-03,5.506361600079343836e-04
1.159999999999999964e+01,3.082154916807335054e-03,5.410617675192769911e-04
1.180000000000000071e+01,3.191687097449154992e-03,5.312679728302526416e-04
1.200000000000000000e+01,3.303150793775123245e-03,5.212562744742696994e-04
1.219999999999999929e+01,3.416540808726310774e-03,5.110285435706660856e-04
1.240000000000000036e+01,3.531851391019222991e-03,5.005870427476758790e-04
1.259999999999999964e+01,3.649076230389330239e-03,4.899344464791548920e-04
1.280000000000000071e+01,3.768208453406984154e-03,4.790738631743920962e-04
1.300000000000000000e+01,3.889240619829429507e-03,4.680088594430112338e-04
1.319999999999999929e+01,4.012164719452312317e-03,4.567434870623056494e-04
1.340000000000000036e+01,4.136972169421604395e-03,4.452823133063590162e-04
1.359999999999999964e+01,4.263653811965514850e-03,4.336304554645852710e-04
1.380000000000000071e+01,4.392199912505119486e-03,4.217936205925479506e-04
1.400000000000000000e+01,4.522600158101536955e-03,4.097781518139528129e-04
1.419999999999999929e+01,4.654843656196800544e-03,3.975910828504587344e-04
1.440000000000000036e+01,4.788918933605394029e-03,3.852402029207732475e-04
1.459999999999999964e+01,4.924813935713711482e-03,3.727341347599205071e-04
1.480000000000000071e+01,5.062516025844652351e-03,3.600824293124840671e-04
1.500000000000000000e+01,5.202011984745354145e-03,3.472956817189913853e-04
1.519999999999999929e+01,5.343288010157359186e-03,3.343856746373616859e-04
1.540000000000000036e+01,5.486329716429483305e-03,3.213655568531628617e-04
1.559999999999999964e+01,5.631122134134611962e-03,3.082500677170075501e-04
1.580000000000000071e+01,5.777649709655004184e-03,2.950558214601116977e-04
1.600000000000000000e+01,5.925896304701149669e-03,2.818016702347488664e-04
1.619999999999999929e+01,6.075845195732468285e-03,2.685091712920552472e-04
1.639999999999999858e+01,6.227479073250868219e-03,2.552031927047857928e-04
1.660000000000000142e+01,6.380780040940291914e-03,2.419127043241620328e-04
1.680000000000000071e+01,6.535729614629316730e-03,2.286718172732697370e-04
1.700000000000000000e+01,6.692308721056961646e-03,2.155211573058540104e-04
1.719999999999999929e+01,6.850497696424574789e-03,2.025096854352664562e-04
1.739999999999999858e+01,7.010276284721651818e-03,1.896971122542791786e-04
1.760000000000000142e+01,7.171623635816422315e-03,1.771570843790022372e-04
1.780000000000000071e+01,7.334518303306065967e-03,1.649813348090036532e-04
1.800000000000000000e+01,7.498938242125739728e-03,1.532849403197579627e-04
1.819999999999999929e+01,7.664860805919836845e-03,1.422126238712983581e-04
1.839999999999999858e+01,7.832262744182583170e-03,1.319454979617664238e-04
1.860000000000000142e+01,8.001120199180485060e-03,1.227064865822369462e-04
1.880000000000000071e+01,8.171408702671627278e-03,1.147606439049742542e-04
1.900000000000000000e+01,8.343103172443640247e-03,1.084040540547736111e-04
1.919999999999999929e+01,8.516177908693540327e-03,1.039340547324525633e-04
1.939999999999999858e+01,8.690606590279523203e-03,1.015986414176196187e-04
1.960000000000000142e+01,8.866362270876632784e-03,1.015370263019492529e-04
1.980000000000000071e+01,9.043417375074531972e-03,1.037384888172461088e-04
2.000000000000000000e+01,9.221743694456770862e-03,1.080440911368884117e-04
2.019999999999999929e+01,9.401312383707550319e-03,1.141903302144618428e-04
2.039999999999999858e+01,9.582093956793109879e-03,1.218691605939745554e-04
2.060000000000000142e+01,9.764058283269597821e-03,1.307777173073560080e-04
2.080000000000000071e+01,9.947174584771855538e-03,1.406467643020573748e-04
2.100000000000000000e+01,1.013141143174062231e-02,1.512506630183262936e-04
2.119999999999999929e+01,1.031673674044774822e-02,1.624062985148196916e-04
2.139999999999999858e+01,1.050311777038194158e-02,1.739672191677470983e-04
2.160000000000000142e+01,1.069052112205923916e-02,1.858166612470606312e-04
2.180000000000000071e+01,1.087891273532357386e-02,1.978611327395947287e-04
2.200000000000000000e+01,1.106825788820504919e-02,2.100251054253612535e-04
2.219999999999999929e+01,1.125852119640382426e-02,2.222468464209214701e-04
2.239999999999999858e+01,1.144966661346785708e-02,2.344752298505978314e-04
2.260000000000000142e+01,1.164165743173393303e-02,2.466673286017637481e-04
2.280000000000000071e+01,1.183445628410017061e-02,2.587866036282875440e-04
2.300000000000000000e+01,1.202802514669821382e-02,2.708015423776089013e-04
2.319999999999999929e+01,1.222232534253228295e-02,2.826846319769916321e-04
2.339999999999999858e+01,1.241731754615078495e-02,2.944115814002840471e-04
2.360000000000000142e+01,1.261296178941457430e-02,3.059607291074377053e-04
2.380000000000000071e+01,1.280921746842353035e-02,3.173125893759526513e-04
2.400000000000000000e+01,1.300604335166118466e-02,3.284495028739771861e-04
2.419999999999999929e+01,1.320339758941356523e-02,3.393553660388988502e-04
2.439999999999999858e+01,1.340123772451565914e-02,3.500154203955133385e-04
2.460000000000000142e+01,1.359952070447505851e-02,3.604160877422608986e-04
2.480000000000000071e+01,1.379820289501832234e-02,3.705448406430017104e-04
2.500000000000000000e+01,1.399724009510159087e-02,3.803901002426952568e-04
2.519999999999999929e+01,1.419658755342222481e-02,3.899411553333555929e-04
2.539999999999999858e+01,1.439619998646299304e-02,3.991880980164770696e-04
2.560000000000000142e+01,1.459603159809616871e-02,4.081217723716248870e-04
2.580000000000000071e+01,1.479603610076803480e-02,4.167337333420823953e-04
2.600000000000000000e+01,1.499616673828027894e-02,4.250162136568791469e-04
2.619999999999999929e+01,1.519637631017749582e-02,4.329620970733992383e-04
2.639999999999999858e+01,1.539661719774486695e-02,4.405648965821587276e-04
2.660000000000000142e+01,1.559684139161373120e-02,4.478187364923495836e-04
2.680000000000000071e+01,1.579700052096632418e-02,4.547183375325202772e-04
2.700000000000000000e+01,1.599704588432460800e-02,4.612590042701177301e-04
2.719999999999999929e+01,1.619692848190225007e-02,4.674366142875049251e-04
2.739999999999999858e+01,1.639659904949094041e-02,4.732476086582451062e-04
2.760000000000000142e+01,1.659600809384791792e-02,4.786889833527086229e-04
2.780000000000000071e+01,1.679510592954282580e-02,4.837582812705211281e-04
2.800000000000000000e+01,1.699384271721748885e-02,4.884535846529118250e-04
2.819999999999999929e+01,1.719216850320483617e-02,4.927735076733997990e-04
2.839999999999999858e+01,1.739003326044754813e-02,4.967171890424413499e-04
2.860000000000000142e+01,1.758738693065065029e-02,5.002842844924688991e-04
2.880000000000000071e+01,1.778417946759695140e-02,5.034749590353163962e-04
2.900000000000000000e+01,1.798036088154801246e-02,5.062898789054324188e-04
2.919999999999999929e+01,1.817588128464828201e-02,5.087302031203992875e-04
2.939999999999999858e+01,1.837069093724492258e-02,5.107975746055025109e-04
2.960000000000000142e+01,1.856474029503089873e-02,5.124941108422350787e-04
2.980000000000000071e+01,1.875798005691439729e-02,5.138223940116614470e-04
3.000000000000000000e+01,1.895036121351353214e-02,5.147854606133329828e-04
3.019999999999999929e+01,1.914183509617127868e-02,5.153867905487793813e-04
3.039999999999999858e+01,1.933235342638214144e-02,5.156302956657139117e-04
3.060000000000000142e+01,1.952186836551936602e-02,5.155203077656673322e-04
3.080000000000000071e+01,1.971033256474803361e-02,5.150615660830195784e-04
3.100000000000000000e+01,1.989769921500789129e-02,5.142592042485084978e-04
3.119999999999999929e+01,2.008392209694742636e-02,5.131187367543795256e-04
3.139999999999999858e+01,2.026895563068960640e-02,5.116460449421384848e-04
3.160000000000000142e+01,2.045275492530838207e-02,5.098473625371741222e-04
3.180000000000000071e+01,2.063527582789508041e-02,5.077292607573186817e-04
3.200000000000000000e+01,2.081647497209306030e-02,5.052986330249279942e-04
3.220000000000000284e+01,2.099630982598002515e-02,5.025626793142214284e-04
3.239999999999999858e+01,2.117473873917795346e-02,4.995288901674590099e-04
3.260000000000000142e+01,2.135172098907175270e-02,4.962050304150686809e-04
3.279999999999999716e+01,2.152721682601979949e-02,4.925991226361848760e-04
3.300000000000000000e+01,2.170118751744150309e-02,4.887194303970048004e-04
3.320000000000000284e+01,2.187359539066947856e-02,4.845744413053511344e-04
3.339999999999999858e+01,2.204440387445736477e-02,4.801728499202803234e-04
3.360000000000000142e+01,2.221357753903729915e-02,4.755235405560839378e-04
3.379999999999999716e+01,2.238108213462484605e-02,4.706355700202348533e-04
3.400000000000000000e+01,2.254688462827386664e-02,4.655181503248286457e-04
3.420000000000000284e+01,2.271095323898748852e-02,4.601806314110515653e-04
3.439999999999999858e+01,2.287325747099707221e-02,4.546324839257673582e-04
3.460000000000000142e+01,2.303376814512529680e-02,4.488832820891400970e-04
3.479999999999999716e+01,2.319245742815578132e-02,4.429426866913528573e-04
3.500000000000000000e+01,2.334929886013671629e-02,4.368204282560962030e-04
3.520000000000000284e+01,2.350426737955219753e-02,4.305262904074543548e-04
3.539999999999999858e+01,2.365733934630106020e-02,4.240700934761015037e-04
3.560000000000000142e+01,2.380849256242935363e-02,4.174616783796040033e-04
3.579999999999999716e+01,2.395770629056898776e-02,4.107108908105694639e-04
3.600000000000000000e+01,2.410496127004171235e-02,4.038275657652334850e-04
3.620000000000000284e+01,2.425023973059468180e-02,3.968215124438315101e-04
3.639999999999999858e+01,2.439352540373992961e-02,3.897024995528050638e-04
3.660000000000000142e+01,2.453480353167786926e-02,3.824802410375747032e-04
3.679999999999999716e+01,2.467406087379064167e-02,3.751643822732565487e-04
3.700000000000000000e+01,2.481128571069955713e-02,3.677644867392521185e-04
3.720000000000000284e+01,2.494646784588606253e-02,3.602900232023615082e-04
3.739999999999999858e+01,2.507959860488367942e-02,3.527503534314612712e-04
3.760000000000000142e+01,2.521067083205455472e-02,3.451547204657410173e-04
3.779999999999999716e+01,2.533967888497090648e-02,3.375122374567617631e-04
3.800000000000000000e+01,2.546661862642803781e-02,3.298318771035600771e-04
3.820000000000000284e+01,2.559148741412230893e-02,3.221224616987155447e-04
3.839999999999999858e+01,2.571428408803295290e-02,3.143926538020043243e-04
3.860000000000000142e+01,2.583500895555321253e-02,3.066509475574218492e-04
3.879999999999999716e+01,2.595366377442129627e-02,2.989056606681149138e-04
3.900000000000000000e+01,2.607025173350801736e-02,2.911649270431738404e-04
3.920000000000000284e+01,2.618477743152214376e-02,2.834366901294493846e-04
3.939999999999999858e+01,2.629724685370043308e-02,2.757286969410312942e-04
3.960000000000000142e+01,2.640766734655327838e-02,2.680484927988934949e-04
3.979999999999999716e+01,2.651604759074167872e-02,2.604034167930327384e-04
4.000000000000000000e+01,2.662239757216512681e-02,2.528005979797013649e-04
4.020000000000000284e+01,2.672672855134371195e-02,2.452469523269553754e-04
4.039999999999999858e+01,2.682905303118131995e-02,2.377491804225710518e-04
4.060000000000000142e+01,2.692938472319980972e-02,2.303137659596679815e-04
4.079999999999999716e+01,2.702773851233658889e-02,2.229469750172183469e-04
4.100000000000000000e+01,2.712413042040081462e-02,2.156548561548143807e-04
4.120000000000000284e+01,2.721857756828505864e-02,2.084432413439050893e-04
4.139999999999999858e+01,2.731109813703133660e-02,2.013177477611145132e-04
4.160000000000000142e+01,2.740171132785150857e-02,1.942837804734986378e-04
4.179999999999999716e+01,2.749043732120310876e-02,1.873465360503261622e-04
4.200000000000000000e+01,2.757729723502255412e-02,1.805110071417523115e-04
4.220000000000000284e+01,2.766231308221769186e-02,1.737819880712109725e-04
4.239999999999999858e+01,2.774550772752180233e-02,1.671640814956623785e-04
4.260000000000000142e+01,2.782690484381101018e-02,1.606617061960591622e-04
4.279999999999999716e+01,2.790652886798609608e-02,1.542791060690919095e-04
4.300000000000000000e+01,2.798440495651905585e-02,1.480203604006325509e-04
4.320000000000000284e+01,2.806055894076343177e-02,1.418893955105364002e-04
4.339999999999999858e+01,2.813501728212580016e-02,1.358899978671430410e-04
4.360000000000000142e+01,2.820780702719434194e-02,1.300258287767584329e-04
4.379999999999999716e+01,2.827895576291796984e-02,1.243004407572193633e-04
4.400000000000000000e+01,2.834849157192764063e-02,1.187172957026412013e-04
4.420000000000000284e+01,2.841644298808860061e-02,1.132797849355453106e-04
4.439999999999999858e+01,2.848283895236992588e-02,1.079912512175705395e-04
4.460000000000000142e+01,2.854770876911451663e-02,1.028550127439676281e-04
4.479999999999999716e+01,2.861108206278984226e-02,9.787438907022900177e-05
4.500000000000000000e+01,2.867298873529630643e-02,9.305272879813908263e-05
4.520000000000000284e+01,2.873345892390687800e-02,8.839343866521669191e-05
4.539999999999999858e+01,2.879252295990783472e-02,8.390001341240874979e-05
4.560000000000000142e+01,2.885021132800718799e-02,7.957606542033815824e-05
4.579999999999999716e+01,2.890655462657303054e-02,7.542535256881580737e-05
4.600000000000000000e+01,2.896158352876104791e-02,7.145180204887407007e-05
4.620000000000000284e+01,2.901532874458553207e-02,6.765952690433075123e-05
4.639999999999999858e+01,2.906782098398520697e-02,6.405283087926982161e-05
4.660000000000000142e+01,2.911909092093051266e-02,6.063619571279182534e-05
4.679999999999999716e+01,2.916916915861540033e-02,5.741424343907518231e-05
4.700000000000000000e+01,2.921808619577241639e-02,5.439166472511260152e-05
4.720000000000000284e+01,2.926587239414597114e-02,5.157310319753490442e-05
4.739999999999999858e+01,2.931255794715477425e-02,4.896298569267508829e-05
4.760000000000000142e+01,2.935817284977024558e-02,4.656529026791047561e-05
4.779999999999999716e+01,2.940274686963396250e-02,4.438324862485251569e-05
4.800000000000000000e+01,2.944630951943349659e-02,4.241898813751745454e-05
4.820000000000000284e+01,2.948889003055182867e-02,4.067313107603253699e-05
4.839999999999999858e+01,2.953051732800225301e-02,3.914438362459721400e-05
4.860000000000000142e+01,2.957122000665689948e-02,3.782916179444444619e-05
4.879999999999999716e+01,2.961102630877351233e-02,3.672131052276352491e-05
4.900000000000000000e+01,2.964996410282167566e-02,3.581197096490992815e-05
4.920000000000000284e+01,2.968806086360669880e-02,3.508963607977725138e-05
4.939999999999999858e+01,2.972534365368581163e-02,3.454040730059217037e-05
4.960000000000000142e+01,2.976183910606870764e-02,3.414843168961408104e-05
4.979999999999999716e+01,2.979757340819120734e-02,3.389646893149336266e-05
5.000000000000000000e+01,2.983257228714864678e-02,3.376651942706004070e-05
5.020000000000000284e+01,2.986686099617215720e-02,3.374044267891571265e-05
5.039999999999999858e+01,2.990046430232954147e-02,3.380050740571280518e-05
5.060000000000000142e+01,2.993340647542934788e-02,3.392983552660526632e-05
5.079999999999999716e+01,2.996571127810512131e-02,3.411272442252970922e-05
5.100000000000000000e+01,2.999740195705446338e-02,3.433485042652164362e-05
5.120000000000000284e+01,3.002850123540606528e-02,3.458336879216568750e-05
5.139999999999999858e+01,3.005903130618585439e-02,3.484693135928632252e-05
5.160000000000000142e+01,3.008901382685212275e-02,3.511564415220334357e-05
5.179999999999999716e+01,3.011846991486793329e-02,3.538098503175337244e-05
5.200000000000000000e+01,3.014742014427806635e-02,3.563569790260041615e-05
5.220000000000000284e+01,3.017588454325655090e-02,3.587367600760959775e-05
5.239999999999999858e+01,3.020388259259003047e-02,3.608984319763957206e-05
5.260000000000000142e+01,3.023143322506105166e-02,3.628003905354835052e-05
5.279999999999999716e+01,3.025855482569542870e-02,3.644091142475608478e-05
5.300000000000000000e+01,3.028526523283656471e-02,3.656981827498093795e-05
5.320000000000000284e+01,3.031158174000956468e-02,3.666473957748552322e-05
5.339999999999999858e+01,3.033752109853785767e-02,3.672419925694514784e-05
5.360000000000000142e+01,3.036309952087456326e-02,3.674719672351569775e-05
5.379999999999999716e+01,3.038833268461108364e-02,3.673314729769144128e-05
5.400000000000000000e+01,3.041323573712527775e-02,3.668183071442301447e-05
5.420000000000000284e+01,3.043782330083194890e-02,3.659334687210084663e-05
5.439999999999999858e+01,3.046210947899854332e-02,3.646807802225626217e-05
5.460000000000000142e+01,3.048610786208933929e-02,3.630665665516823686e-05
5.479999999999999716e+01,3.050983153460189515e-02,3.610993840993649779e-05
5.500000000000000000e+01,3.053329308236006623e-02,3.587897941494403510e-05
5.520000000000000284e+01,3.055650460022860809e-02,3.561501753996790172e-05
5.539999999999999858e+01,3.057947770021481743e-02,3.531945711091626268e-05
5.560000000000000142e+01,3.060222351992371304e-02,3.499385670030819603e-05
5.579999999999999716e+01,3.062475273133399151e-02,3.463991966007699266e-05
5.600000000000000000e+01,3.064707554986261656e-02,3.425948710731228187e-05
5.620000000000000284e+01,3.066920174368721608e-02,3.385453310793935610e-05
5.639999999999999858e+01,3.069114064329609912e-02,3.342716182730901670e-05
5.660000000000000142e+01,3.071290115123681205e-02,3.297960642965226669e-05
5.679999999999999716e+01,3.073449175203518680e-02,3.251422950942758363e-05
5.700000000000000000e+01,3.075592052225785064e-02,3.203352482520367136e-05
5.720000000000000284e+01,3.077719514069221160e-02,3.154012007945548635e-05
5.739999999999999858e+01,3.079832289861911612e-02,3.103678044352669799e-05
5.760000000000000142e+01,3.081931071015431636e-02,3.052641246400889636e-05
5.779999999999999716e+01,3.084016512263611232e-02,3.001206790330113579e-05
5.800000000000000000e+01,3.086089232703765131e-02,2.949694696224129461e-05
5.820000000000000284e+01,3.088149816838330064e-02,2.898440020704606024e-05
5.839999999999999858e+01,3.090198815614990033e-02,2.847792837986328268e-05
5.860000000000000142e+01,3.092236747463444901e-02,2.798117911946340413e-05
5.879999999999999716e+01,3.094264099327119141e-02,2.749793946934092197e-05
5.900000000000000000e+01,3.096281327688193974e-02,2.703212292559901235e-05
5.920000000000000284e+01,3.098288859584457863e-02,2.658774970591325037e-05
5.939999999999999858e+01,3.100287093616575437e-02,2.616891894227482129e-05
5.960000000000000142e+01,3.102276400944469978e-02,2.577977165892120801e-05
5.979999999999999716e+01,3.104257126271627032e-02,2.542444373931934963e-05
6.000000000000000000e+01,3.106229588816208573e-02,2.510700864976421245e-05
6.020000000000000284e+01,3.108194083267968796e-02,2.483141048681306194e-05
6.039999999999999858e+01,3.110150880730055620e-02,2.460138892691753098e-05
6.060000000000000142e+01,3.112100229644864172e-02,2.442039880068714181e-05
6.079999999999999716e+01,3.114042356703198774e-02,2.429152815253523409e-05
6.100000000000000000e+01,3.115977467736079712e-02,2.421741958974855797e-05
6.120000000000000284e+01,3.117905748588613996e-02,2.420020026350412244e-05
6.139999999999999858e+01,3.119827365975412145e-02,2.424142577629271935e-05
6.160000000000000142e+01,3.121742468317131869e-02,2.434204257793590599e-05
6.179999999999999716e+01,3.123651186557760417e-02,2.450237202630303047e-05
6.200000000000000000e+01,3.125553634962351807e-02,2.472211742124196809e-05
6.220000000000000284e+01,3.127449911894970846e-02,2.500039325531996516e-05
6.239999999999999858e+01,3.129340100576664951e-02,2.533577399387118245e-05
6.260000000000000142e+01,3.131224269823341261e-02,2.572635819546852606e-05
6.279999999999999716e+01,3.133102474763475864e-02,2.616984290432505263e-05
6.300000000000000000e+01,3.134974757535630152e-02,2.666360304232584828e-05
6.320000000000000284e+01,3.136841147965799270e-02,2.720477092427387028e-05
6.339999999999999858e+01,3.138701664224662069e-02,2.779031184949375480e-05
6.360000000000000142e+01,3.140556313464826221e-02,2.841709278437852068e-05
6.379999999999999716e+01,3.142405092438227410e-02,2.908194225538338642e-05
6.400000000000000000e+01,3.144247988093844259e-02,2.978170057647005437e-05
6.420000000000000284e+01,3.146084978155947592e-02,3.051326035266388399e-05
6.440000000000000568e+01,3.147916031683110905e-02,3.127359779875513553e-05
6.459999999999999432e+01,3.149741109608249906e-02,3.205979579557100034e-05
6.479999999999999716e+01,3.151560165259974233e-02,3.286905980709917369e-05
6.500000000000000000e+01,3.153373144865560807e-02,3.369872784152811091e-05
6.520000000000000284e+01,3.155179988035863164e-02,3.454627560060830467e-05
6.540000000000000568e+01,3.156980628232513436e-02,3.540931786178705480e-05
6.559999999999999432e+01,3.158774993217756261e-02,3.628560700578977799e-05
6.579999999999999716e+01,3.160563005487294214e-02,3.717302945994752062e-05
6.600000000000000000e+01,3.162344582686517358e-02,3.806960068866933525e-05
6.620000000000000284e+01,3.164119638010501334e-02,3.897345923539064237e-05
6.640000000000000568e+01,3.165888080588174364e-02,3.988286020909307257e-05
6.659999999999999432e+01,3.167649815851047296e-02,4.079616851457213594e-05
6.679999999999999716e+01,3.169404745886906377e-02,4.171185204820746894e-05
6.700000000000000000e+01,3.171152769778880914e-02,4.262847501885113006e-05
6.720000000000000284e+01,3.172893783930288286e-02,4.354469150442229474e-05
6.740000000000000568e+01,3.174627682375662230e-02,4.445923931684133009e-05
6.759999999999999432e+01,3.176354357078365470e-02,4.537093421922585809e-05
6.779999999999999716e+01,3.178073698215206494e-02,4.627866451771505795e-05
6.800000000000000000e+01,3.179785594448431008e-02,4.718138603473496817e-05
6.820000000000000284e+01,3.181489933185516900e-02,4.807811745931038125e-05
6.840000000000000568e+01,3.183186600827134227e-02,4.896793606241997310e-05
6.859999999999999432e+01,3.184875483003683089e-02,4.984997376037906262e-05
6.879999999999999716e+01,3.186556464800761185e-02,5.072341350610039550e-05
6.900000000000000000e+01,3.188229430973963524e-02,5.158748598655695899e-05
6.920000000000000284e+01,3.189894266153350116e-02,5.244146660410004527e-05
6.940000000000000568e+01,3.191550855037974394e-02,5.328467271949953828e-05
6.959999999999999432e+01,3.193199082580784609e-02,5.411646113516975081e-05
6.979999999999999716e+01,3.194838834164276387e-02,5.493622579805289372e-05
7.000000000000000000e+01,3.196469995767210054e-02,5.574339570279666548e-05
7.020000000000000284e+01,3.198092454122716810e-02,5.653743297712796447e-05
7.040000000000000568e+01,3.199706096868130262e-02,5.731783113266375045e-05
7.059999999999999432e+01,3.201310812686829904e-02,5.808411346569898950e-05
7.079999999999999716e+01,3.202906491442403941e-02,5.883583159379757529e-05
7.100000000000000000e+01,3.204493024305422877e-02,5.957256411521836918e-05
7.120000000000000284e+01,3.206070303873106986e-02,6.029391537936235019e-05
7.140000000000000568e+01,3.207638224282152728e-02,6.099951435749964318e-05
7.159999999999999432e+01,3.209196681314981786e-02,6.168901360401107738e-05
7.179999999999999716e+01,3.210745572499675710e-02,6.236208829930434789e-05
7.200000000000000000e+01,3.212284797203832087e-02,6.301843536639207904e-05
7.220000000000000284e+01,3.213814256722583723e-02,6.365777265388757066e-05
7.240000000000000568e+01,3.215333854361005633e-02,6.427983817883753360e-05
7.259999999999999432e+01,3.216843495511137463e-02,6.488438942351281607e-05
7.279999999999999716e+01,3.218343087723820467e-02,6.547120268073522930e-05
7.300000000000000000e+01,3.219832540775566243e-02,6.604007244295327249e-05
7.320000000000000284e+01,3.221311766730643872e-02,6.659081083066435420e-05
7.340000000000000568e+01,3.222780679998580450e-02,6.712324705624221849e-05
7.359999999999999432e+01,3.224239197387247097e-02,6.763722691957211154e-05
7.379999999999999716e+01,3.225687238151717096e-02,6.813261233231934831e-05
7.400000000000000000e+01,3.227124724039051595e-02,6.860928086784867945e-05
7.420000000000000284e+01,3.228551579329180105e-02,6.906712533422163338e-05
7.440000000000000568e+01,3.229967730872026349e-02,6.950605336784431831e-05
7.459999999999999432e+01,3.231373108121029375e-02,6.992598704563408852e-05
7.479999999999999716e+01,3.232767643163200755e-02,7.032686251377714666e-05
7.500000000000000000e+01,3.234151270745853207e-02,7.070862963128526175e-05
7.520000000000000284e+01,3.235523928300127611e-02,7.107125162680204755e-05
7.540000000000000568e+01,3.236885555961457189e-02,7.141470476721109334e-05
7.559999999999999432e+01,3.238236096587066015e-02,7.173897803676221102e-05
7.579999999999999716e+01,3.239575495770641994e-02,7.204407282555061996e-05
7.600000000000000000e+01,3.240903701854273150e-02,7.233000262630910301e-05
7.620000000000000284e+01,3.242220665937765867e-02,7.259679273855677232e-05
7.640000000000000568e+01,3.243526341885447778e-02,7.284447997928892183e-05
7.659999999999999432e+01,3.244820686330543436e-02,7.307311239941058974e-05
7.679999999999999716e+01,3.246103658677223364e-02,7.328274900526990994e-05
7.700000000000000000e+01,3.247375221100415321e-02,7.347345948465375492e-05
7.720000000000000284e+01,3.248635338543467282e-02,7.364532393674573106e-05
7.740000000000000568e+01,3.249883978713739158e-02,7.379843260551025279e-05
7.759999999999999432e+01,3.251121112076209296e-02,7.393288561613933882e-05
7.779999999999999716e+01,3.252346711845171406e-02,7.404879271413690629e-05
7.800000000000000000e+01,3.253560753974095443e-02,7.414627300674271908e-05
7.820000000000000284e+01,3.254763217143723936e-02,7.422545470639577451e-05
7.840000000000000568e+01,3.255954082748476613e-02,7.428647487598963241e-05
7.859999999999999432e+01,3.257133334881225778e-02,7.432947917571910892e-05
7.879999999999999716e+01,3.258300960316512507e-02,7.435462161132053605e-05
7.900000000000000000e+01,3.259456948492257811e-02,7.436206428356466780e-05
7.920000000000000284e+01,3.260601291490038134e-02,7.435197713887154575e-05
7.940000000000000568e+01,3.261733984013978627e-02,7.432453772096834002e-05
7.959999999999999432e+01,3.262855023368328722e-02,7.427993092347239424e-05
7.979999999999999716e+01,3.263964409433754710e-02,7.421834874338933703e-05
8.000000000000000000e+01,3.265062144642435354e-02,7.413999003545458091e-05
8.020000000000000284e+01,3.266148233951981367e-02,7.404506026731647375e-05
8.040000000000000568e+01,3.267222684818246042e-02,7.393377127554614083e-05
8.059999999999999432e+01,3.268285507167075638e-02,7.380634102248067176e-05
8.079999999999999716e+01,3.269336713365041114e-02,7.366299335394346770e-05
8.100000000000000000e+01,3.270376318189204684e-02,7.350395775783688339e-05
8.120000000000000284e+01,3.271404338795957240e-02,7.332946912368929230e-05
8.140000000000000568e+01,3.272420794688987028e-02,7.313976750318374788e-05
8.159999999999999432e+01,3.273425707686403868e-02,7.293509787173677581e-05
8.179999999999999716e+01,3.274419101887076494e-02,7.271570989120728452e-05
8.200000000000000000e+01,3.275401003636215641e-02,7.248185767378670027e-05
8.220000000000000284e+01,3.276371441490250058e-02,7.223379954717355669e-05
8.240000000000000568e+01,3.277330446181027368e-02,7.197179782111523603e-05
8.259999999999999432e+01,3.278278050579388342e-02,7.169611855538561432e-05
8.279999999999999716e+01,3.279214289658140963e-02,7.140703132932605822e-05
8.300000000000000000e+01,3.280139200454480070e-02,7.110480901302137168e-05
8.320000000000000284e+01,3.281052822031893523e-02,7.078972754022084732e-05
8.340000000000000568e+01,3.281955195441570855e-02,7.046206568309857190e-05
8.359999999999999432e+01,3.282846363683373375e-02,7.012210482896784358e-05
8.379999999999999716e+01,3.283726371666387950e-02,6.977012875904435184e-05
8.400000000000000000e+01,3.284595266169092198e-02,6.940642342935938449e-05
8.420000000000000284e+01,3.285453095799183848e-02,6.903127675394255447e-05
8.440000000000000568e+01,3.286299910953081882e-02,6.864497839036105354e-05
8.459999999999999432e+01,3.287135763775154290e-02,6.824781952772550667e-05
8.479999999999999716e+01,3.287960708116687003e-02,6.784009267727460126e-05
8.500000000000000000e+01,3.288774799494633555e-02,6.742209146562819536e-05
8.520000000000000284e+01,3.289578095050172540e-02,6.699411043080865161e-05
8.540000000000000568e+01,3.290370653507103393e-02,6.655644482113960301e-05
8.559999999999999432e+01,3.291152535130106166e-02,6.610939039710791109e-05
8.579999999999999716e+01,3.291923801682897915e-02,6.565324323628404985e-05
8.600000000000000000e+01,3.292684516386315541e-02,6.518829954140457905e-05
8.620000000000000284e+01,3.293434743876334780e-02,6.471485545168421168e-05
8.640000000000000568e+01,3.294174550162083659e-02,6.423320685746376833e-05
8.659999999999999432e+01,3.294904002583844138e-02,6.374364921826752720e-05
8.679999999999999716e+01,3.295623169771084993e-02,6.324647738434797820e-05
8.700000000000000000e+01,3.296332121600549503e-02,6.274198542179697875e-05
8.720000000000000284e+01,3.297030929154416007e-02,6.223046644130760809e-05
8.740000000000000568e+01,3.297719664678563228e-02,6.171221243062764857e-05
8.759999999999999432e+01,3.298398401540952180e-02,6.118751409080854713e-05
8.779999999999999716e+01,3.299067214190159331e-02,6.065666067627827648e-05
8.800000000000000000e+01,3.299726178114076314e-02,6.011993983881846256e-05
8.820000000000000284e+01,3.300375369798797670e-02,5.957763747549257502e-05
8.840000000000000568e+01,3.301014866687720234e-02,5.903003758057392936e-05
8.859999999999999432e+01,3.301644747140870806e-02,5.847742210152546093e-05
8.879999999999999716e+01,3.302265090394485708e-02,5.792007079907099333e-05
8.900000000000000000e+01,3.302875976520858181e-02,5.735826111139386805e-05
8.920000000000000284e+01,3.303477486388475132e-02,5.679226802250919668e-05
8.940000000000000568e+01,3.304069701622457111e-02,5.622236393482653435e-05
8.959999999999999432e+01,3.304652704565323729e-02,5.564881854593665890e-05
8.979999999999999716e+01,3.305226578238096291e-02,5.507189872965118739e-05
9.000000000000000000e+01,3.305791406301757801e-02,5.449186842129091654e-05
9.020000000000000284e+01,3.306347273019088345e-02,5.390898850727185942e-05
9.040000000000000568e+01,3.306894263216879348e-02,5.332351671897312838e-05
9.059999999999999432e+01,3.307432462248557220e-02,5.273570753090167396e-05
9.079999999999999716e+01,3.307961955957217787e-02,5.214581206315173828e-05
9.100000000000000000e+01,3.308482830639089545e-02,5.155407798817325987e-05
9.120000000000000284e+01,3.308995173007444474e-02,5.096074944183084606e-05
9.140000000000000568e+01,3.309499070156952244e-02,5.036606693874073600e-05
9.159999999999999432e+01,3.309994609528509740e-02,4.977026729189052491e-05
9.179999999999999716e+01,3.310481878874543815e-02,4.917358353650858825e-05
9.200000000000000000e+01,3.310960966224799767e-02,4.857624485817768964e-05
9.220000000000000284e+01,3.311431959852630807e-02,4.797847652515177655e-05
9.240000000000000568e+01,3.311894948241791981e-02,4.738049982487924306e-05
9.259999999999999432e+01,3.312350020053750344e-02,4.678253200466497868e-05
9.279999999999999716e+01,3.312797264095522498e-02,4.618478621646764554e-05
9.300000000000000000e+01,3.313236769288040173e-02,4.558747146578536673e-05
9.320000000000000284e+01,3.313668624635058430e-02,4.499079256459563965e-05
9.340000000000000568e+01,3.314092919192613423e-02,4.439495008828919944e-05
9.359999999999999432e+01,3.314509742039022794e-02,4.380014033658295849e-05
9.379999999999999716e+01,3.314919182245460588e-02,4.320655529833598586e-05
9.400000000000000000e+01,3.315321328847080362e-02,4.261438262023218513e-05
9.420000000000000284e+01,3.315716270814721145e-02,4.202380557928183063e-05
9.440000000000000568e+01,3.316104097027177539e-02,4.143500305906246942e-05
9.459999999999999432e+01,3.316484896244051989e-02,4.084814952967690200e-05
9.479999999999999716e+01,3.316858757079185066e-02,4.026341503132616420e-05
9.500000000000000000e+01,3.317225767974674167e-02,3.968096516147794702e-05
9.520000000000000284e+01,3.317586017175474383e-02,3.910096106552936616e-05
9.540000000000000568e+01,3.317939592704588492e-02,3.852355943091845004e-05
9.559999999999999432e+01,3.318286582338845353e-02,3.794891248461331720e-05
9.579999999999999716e+01,3.318627073585277837e-02,3.737716799390628674e-05
9.600000000000000000e+01,3.318961153658083613e-02,3.680846927042656468e-05
9.620000000000000284e+01,3.319288909456180603e-02,3.624295517733881788e-05
9.640000000000000568e+01,3.319610427541354325e-02,3.568076013960180690e-05
9.659999999999999432e+01,3.319925794117006140e-02,3.512201415725328462e-05
9.679999999999999716e+01,3.320235095007476045e-02,3.456684282161345194e-05
9.700000000000000000e+01,3.320538415637970531e-02,3.401536733435511171e-05
9.720000000000000284e+01,3.320835841015067763e-02,3.346770452933613951e-05
9.740000000000000568e+01,3.321127455707820891e-02,3.292396689713997292e-05
9.759999999999999432e+01,3.321413343829432430e-02,3.238426261221098279e-05
9.779999999999999716e+01,3.321693589019518444e-02,3.184869556253368104e-05
9.800000000000000000e+01,3.321968274426950751e-02,3.131736538176573546e-05
9.820000000000000284e+01,3.322237482693272265e-02,3.079036748372116882e-05
9.840000000000000568e+01,3.322501295936684806e-02,3.026779309915883284e-05
9.859999999999999432e+01,3.322759795736606597e-02,2.974972931474612696e-05
9.879999999999999716e+01,3.323013063118789023e-02,2.923625911416148900e-05
9.900000000000000000e+01,3.323261178540999616e-02,2.872746142122244986e-05
9.920000000000000284e+01,3.323504221879253900e-02,2.822341114495297690e-05
9.940000000000000568e+01,3.323742272414599574e-02,2.772417922653878269e-05
9.959999999999999432e+01,3.323975408820446786e-02,2.722983268804155516e-05
9.979999999999999716e+01,3.324203709150432701e-02,2.674043468283095377e-05
1.000000000000000000e+02,3.324427250826825914e-02,2.625604454762508043e-05
1.002000000000000028e+02,3.324646110629453366e-02,2.577671785606619099e-05
1.004000000000000057e+02,3.324860364685151143e-02,2.530250647374806188e-05
1.005999999999999943e+02,3.325070088457731526e-02,2.483345861462147265e-05
1.007999999999999972e+02,3.325275356738456589e-02,2.436961889868102566e-05
1.010000000000000000e+02,3.325476243637016244e-02,2.391102841087209643e-05
1.012000000000000028e+02,3.325672822573000342e-02,2.345772476112542210e-05
1.014000000000000057e+02,3.325865166267859274e-02,2.300974214543363851e-05
1.015999999999999943e+02,3.326053346737347510e-02,2.256711140793738583e-05
1.017999999999999972e+02,3.326237435284438299e-02,2.212986010386816757e-05
1.020000000000000000e+02,3.326417502492709510e-02,2.169801256335089057e-05
1.022000000000000028e+02,3.326593618220184678e-02,2.127158995593612372e-05
1.024000000000000057e+02,3.326765851593625062e-02,2.085061035582388807e-05
1.025999999999999943e+02,3.326934271003273436e-02,2.043508880767711387e-05
1.027999999999999972e+02,3.327098944098021843e-02,2.002503739298413436e-05
1.030000000000000000e+02,3.327259937781018584e-02,1.962046529687911254e-05
1.032000000000000028e+02,3.327417318205688063e-02,1.922137887536513052e-05
1.034000000000000057e+02,3.327571150772165587e-02,1.882778172285472649e-05
1.035999999999999943e+02,3.327721500124139475e-02,1.843967473999992047e-05
1.037999999999999972e+02,3.327868430146079665e-02,1.805705620169156526e-05
1.040000000000000000e+02,3.328012003960865300e-02,1.767992182523231551e-05
1.042000000000000028e+02,3.328152283927780786e-02,1.730826483855907360e-05
1.044000000000000057e+02,3.328289331640895549e-02,1.694207604849972689e-05
1.045999999999999943e+02,3.328423207927790062e-02,1.658134390898776704e-05
1.047999999999999972e+02,3.328553972848652398e-02,1.622605458918044584e-05
1.050000000000000000e+02,3.328681685695712017e-02,1.587619204142503771e-05
1.052000000000000028e+02,3.328806404993011475e-02,1.553173806902876335e-05
1.054000000000000057e+02,3.328928188496509122e-02,1.519267239376542169e-05
1.055999999999999943e+02,3.329047093194503065e-02,1.485897272308449133e-05
1.057999999999999972e+02,3.329163175308368777e-02,1.453061481696542508e-05
1.060000000000000000e+02,3.329276490293594376e-02,1.420757255436994280e-05
1.062000000000000028e+02,3.329387092841123302e-02,1.388981799925531537e-05
1.064000000000000057e+02,3.329495036878972469e-02,1.357732146609775200e-05
1.065999999999999943e+02,3.329600375574139071e-02,1.327005158488832150e-05
1.067999999999999972e+02,3.329703161334773842e-02,1.296797536555730075e-05
1.070000000000000000e+02,3.329803445812618001e-02,1.267105826178955393e-05
1.072000000000000028e+02,3.329901279905696926e-02,1.237926423420752039e-05
1.074000000000000057e+02,3.329996713761260857e-02,1.209255581286568151e-05
1.075999999999999943e+02,3.330089796778961525e-02,1.181089415902807190e-05
1.077999999999999972e+02,3.330180577614264004e-02,1.153423912621804691e-05
1.080000000000000000e+02,3.330269104182075751e-02,1.126254932047839016e-05
1.082000000000000028e+02,3.330355423660600472e-02,1.099578215983767663e-05
1.084000000000000057e+02,3.330439582495391820e-02,1.073389393294785132e-05
1.085999999999999943e+02,3.330521626403606245e-02,1.047683985685415306e-05
1.087999999999999972e+02,3.330601600378458454e-02,1.022457413390689911e-05
1.090000000000000000e+02,3.330679548693851744e-02,9.977050007755936426e-06
1.092000000000000028e+02,3.330755514909188031e-02,9.734219818427109175e-06
1.094000000000000057e+02,3.330829541874354843e-02,9.496035056460167922e-06
1.095999999999999943e+02,3.330901671734866343e-02,9.262446416087361558e-06
1.097999999999999972e+02,3.330971945937168804e-02,9.033403847433834886e-06
1.100000000000000000e+02,3.331040405234086260e-02,8.808856607725769474e-06
1.102000000000000028e+02,3.331107089690421574e-02,8.588753311503957052e-06
1.104000000000000057e+02,3.331172038688677561e-02,8.373041979809586519e-06
1.105999999999999943e+02,3.331235290934921739e-02,8.161670088346335733e-06
1.107999999999999972e+02,3.331296884464759328e-02,7.954584614607778669e-06
1.110000000000000000e+02,3.331356856649435316e-02,7.751732083962044201e-06
1.112000000000000028e+02,3.331415244202036441e-02,7.553058614672283016e-06
1.114000000000000057e+02,3.331472083183802113e-02,7.358509961870366975e-06
1.115999999999999943e+02,3.331527409010526242e-02,7.168031560467159792e-06
1.117999999999999972e+02,3.331581256459060364e-02,6.981568566985396520e-06
1.120000000000000000e+02,3.331633659673890330e-02,6.799065900335537085e-06
1.122000000000000028e+02,3.331684652173801803e-02,6.620468281515559310e-06
1.124000000000000057e+02,3.331734266858613069e-02,6.445720272241484670e-06
1.125999999999999943e+02,3.331782536015980706e-02,6.274766312507824442e-06
1.127999999999999972e+02,3.331829491328266307e-02,6.107550757078499380e-06
1.130000000000000000e+02,3.331875163879458729e-02,5.944017910919361229e-06
1.132000000000000028e+02,3.331919584162151837e-02,5.784112063556934806e-06
1.134000000000000057e+02,3.331962782084569447e-02,5.627777522390788944e-06
1.135999999999999943e+02,3.332004786977629113e-02,5.474958644950647526e-06
1.137999999999999972e+02,3.332045627602046867e-02,5.325599870106381456e-06
1.140000000000000000e+02,3.332085332155473867e-02,5.179645748242830652e-06
1.142000000000000028e+02,3.332123928279659419e-02,5.037040970401347480e-06
1.144000000000000057e+02,3.332161443067641754e-02,4.897730396400911987e-06
1.145999999999999943e+02,3.332197903070952677e-02,4.761659081946434578e-06
1.147999999999999972e+02,3.332233334306842348e-02,4.628772304732556401e-06
1.150000000000000000e+02,3.332267762265512384e-02,4.499015589558499798e-06
1.152000000000000028e+02,3.332301211917355205e-02,4.372334732457663591e-06
1.154000000000000057e+02,3.332333707720198240e-02,4.248675823860870653e-06
1.155999999999999943e+02,3.332365273626548829e-02,4.127985270801647488e-06
1.157999999999999972e+02,3.332395933090830098e-02,4.010209818175656835e-06
1.160000000000000000e+02,3.332425709076611287e-02,3.895296569070670865e-06
1.162000000000000028e+02,3.332454624063830445e-02,3.783193004178533027e-06
1.164000000000000057e+02,3.332482700055994923e-02,3.673847000303432727e-06
1.165999999999999943e+02,3.332509958587370064e-02,3.567206847981199871e-06
1.167999999999999972e+02,3.332536420730143611e-02,3.463221268224975132e-06
1.170000000000000000e+02,3.332562107101570692e-02,3.361839428411699122e-06
1.172000000000000028e+02,3.332587037871081320e-02,3.263010957325323939e-06
1.174000000000000057e+02,3.332611232767372644e-02,3.166685959372617517e-06
1.175999999999999943e+02,3.332634711085456086e-02,3.072815027986703620e-06
1.177999999999999972e+02,3.332657491693678808e-02,2.981349258236339881e-06
1.180000000000000000e+02,3.332679593040698690e-02,2.892240258656022941e-06
1.182000000000000028e+02,3.332701033162428772e-02,2.805440162312461202e-06
1.184000000000000057e+02,3.332721829688933129e-02,2.720901637128408899e-06
1.185999999999999943e+02,3.332741999851280418e-02,2.638577895475109245e-06
1.187999999999999972e+02,3.332761560488350233e-02,2.558422703055283955e-06
1.190000000000000000e+02,3.332780528053591595e-02,2.480390387090936576e-06
1.192000000000000028e+02,3.332798918621734247e-02,2.404435843833700977e-06
1.194000000000000057e+02,3.332816747895438192e-02,2.330514545415738274e-06
1.195999999999999943e+02,3.332834031211902304e-02,2.258582546057756493e-06
1.197999999999999972e+02,3.332850783549404922e-02,2.188596487651602288e-06
1.200000000000000000e+02,3.332867019533798658e-02,2.120513604734778289e-06
1.202000000000000028e+02,3.332882753444934426e-02,2.054291728872706121e-06
1.204000000000000057e+02,3.332897999223038282e-02,1.989889292469369238e-06
1.205999999999999943e+02,3.332912770475016107e-02,1.927265332019175747e-06
1.207999999999999972e+02,3.332927080480701382e-02,1.866379490820032889e-06
1.210000000000000000e+02,3.332940942199040524e-02,1.807192021162898409e-06
1.212000000000000028e+02,3.332954368274205353e-02,1.749663786016896277e-06
1.214000000000000057e+02,3.332967371041651444e-02,1.693756260222442637e-06
1.215999999999999943e+02,3.332979962534098756e-02,1.639431531213592121e-06
1.217999999999999972e+02,3.332992154487451203e-02,1.586652299284107832e-06
1.220000000000000000e+02,3.333003958346646145e-02,1.535381877411325295e-06
1.222000000000000028e+02,3.333015385271433789e-02,1.485584190658174297e-06
1.224000000000000057e+02,3.333026446142087207e-02,1.437223775164912375e-06
1.225999999999999943e+02,3.333037151565042266e-02,1.390265776750374204e-06
1.227999999999999972e+02,3.333047511878466096e-02,1.344675949133790882e-06
1.230000000000000000e+02,3.333057537157755462e-02,1.300420651796702805e-06
1.232000000000000028e+02,3.333067237220959517e-02,1.257466847497325807e-06
1.234000000000000057e+02,3.333076621634134540e-02,1.215782099452030821e-06
1.235999999999999943e+02,3.333085699716624439e-02,1.175334568200797872e-06
1.237999999999999972e+02,3.333094480546267002e-02,1.136093008168817117e-06
1.240000000000000000e+02,3.333102972964528676e-02,1.098026763939491149e-06
1.242000000000000028e+02,3.333111185581565800e-02,1.061105766250622065e-06
1.244000000000000057e+02,3.333119126781212971e-02,1.025300527732156706e-06
1.245999999999999943e+02,3.333126804725895787e-02,9.905821383919370671e-07
1.247999999999999972e+02,3.333134227361473495e-02,9.569222608692844640e-07
1.250000000000000000e+02,3.333141402422004629e-02,9.242931254629992538e-07
1.252000000000000028e+02,3.333148337434442554e-02,8.926675249529170192e-07
1.254000000000000057e+02,3.333155039723255386e-02,8.620188092198051622e-07
1.255999999999999943e+02,3.333161516414975822e-02,8.323208796825677264e-07
1.257999999999999972e+02,3.333167774442672565e-02,8.035481835584768722e-07
1.260000000000000000e+02,3.333173820550355826e-02,7.756757079627189200e-07
1.262000000000000028e+02,3.333179661297304419e-02,7.486789738551169087e-07
1.264000000000000057e+02,3.333185303062327631e-02,7.225340298456100933e-07
1.265999999999999943e+02,3.333190752047945210e-02,6.972174458686827274e-07
1.267999999999999972e+02,3.333196014284506292e-02,6.727063067400749606e-07
1.270000000000000000e+02,3.333201095634232697e-02,6.489782055994475250e-07
1.272000000000000028e+02,3.333206001795188667e-02,6.260112372553385245e-07
1.274000000000000057e+02,3.333210738305186077e-02,6.037839914369131425e-07
1.275999999999999943e+02,3.333215310545618176e-02,5.822755459642205207e-07
1.277999999999999972e+02,3.333219723745219076e-02,5.614654598457055435e-07
1.280000000000000000e+02,3.333223982983764266e-02,5.413337663083122571e-07
1.281999999999999886e+02,3.333228093195691327e-02,5.218609657741167469e-07
1.284000000000000057e+02,3.333232059173665135e-02,5.030280187856680394e-07
1.285999999999999943e+02,3.333235885572066737e-02,4.848163388920465812e-07
1.288000000000000114e+02,3.333239576910418389e-02,4.672077854997501517e-07
1.290000000000000000e+02,3.333243137576746146e-02,4.501846566989821499e-07
1.291999999999999886e+02,3.333246571830873750e-02,4.337296820683575354e-07
1.294000000000000057e+02,3.333249883807649916e-02,4.178260154692743848e-07
1.295999999999999943e+02,3.333253077520121482e-02,4.024572278310530005e-07
1.298000000000000114e+02,3.333256156862628855e-02,3.876072999382369127e-07
1.300000000000000000e+02,3.333259125613853568e-02,3.732606152211393412e-07
1.301999999999999886e+02,3.333261987439792989e-02,3.594019525599403833e-07
1.304000000000000057e+02,3.333264745896680203e-02,3.460164791038148032e-07
1.305999999999999943e+02,3.333267404433841452e-02,3.330897431115022998e-07
1.308000000000000114e+02,3.333269966396495976e-02,3.206076668200121337e-07
1.310000000000000000e+02,3.333272435028490632e-02,3.085565393442894025e-07
1.311999999999999886e+02,3.333274813474987330e-02,2.969230096116977577e-07
1.314000000000000057e+02,3.333277104785082462e-02,2.856940793377012223e-07
1.315999999999999943e+02,3.333279311914375681e-02,2.748570960461575400e-07
1.318000000000000114e+02,3.333281437727483171e-02,2.643997461356712692e-07
1.320000000000000000e+02,3.333283485000491930e-02,2.543100480001120409e-07
1.321999999999999886e+02,3.333285456423362714e-02,2.445763452031195727e-07
1.324000000000000057e+02,3.333287354602281621e-02,2.351872997093376563e-07
1.325999999999999943e+02,3.333289182061953404e-02,2.261318851808450110e-07
1.328000000000000114e+02,3.333290941247846195e-02,2.173993803340616173e-07
1.330000000000000000e+02,3.333292634528388365e-02,2.089793623657150489e-07
1.331999999999999886e+02,3.333294264197107781e-02,2.008617004479546837e-07
1.334000000000000057e+02,3.333295832474728743e-02,1.930365492947132441e-07
1.335999999999999943e+02,3.333297341511214096e-02,1.854943428023473036e-07
1.338000000000000114e+02,3.333298793387765024e-02,1.782257877668897525e-07
1.340000000000000000e+02,3.333300190118771572e-02,1.712218576776680017e-07
1.341999999999999886e+02,3.333301533653713900e-02,1.644737865922458194e-07
1.344000000000000057e+02,3.333302825879021908e-02,1.579730630905528494e-07
1.345999999999999943e+02,3.333304068619889760e-02,1.517114243136727684e-07
1.348000000000000114e+02,3.333305263642045296e-02,1.456808500843114406e-07
1.350000000000000000e+02,3.333306412653475742e-02,1.398735571132952956e-07
1.351999999999999886e+02,3.333307517306111079e-02,1.342819932925713329e-07
1.354000000000000057e+02,3.333308579197470645e-02,1.288988320731162755e-07
1.355999999999999943e+02,3.333309599872258389e-02,1.237169669327316159e-07
1.358000000000000114e+02,3.333310580823931751e-02,1.187295059303814619e-07
1.360000000000000000e+02,3.333311523496217121e-02,1.139297663497220632e-07
1.361999999999999886e+02,3.333312429284598227e-02,1.093112694330627483e-07
1.364000000000000057e+02,3.333313299537759428e-02,1.048677352030727623e-07
1.365999999999999943e+02,3.333314135558995694e-02,1.005930773754551567e-07
1.368000000000000114e+02,3.333314938607583738e-02,9.648139836123647364e-08
1.370000000000000000e+02,3.333315709900119134e-02,9.252698435908941404e-08
1.371999999999999886e+02,3.333316450611819443e-02,8.872430053799273550e-08
1.374000000000000057e+02,3.333317161877790563e-02,8.506798630964511627e-08
1.375999999999999943e+02,3.333317844794257689e-02,8.155285068907088557e-08
1.378000000000000114e+02,3.333318500419773373e-02,7.817386774810173872e-08
1.380000000000000000e+02,3.333319129776379092e-02,7.492617215372265670e-08
1.381999999999999886e+02,3.333319733850748090e-02,7.180505479906929379e-08
1.384000000000000057e+02,3.333320313595289353e-02,6.880595851949742377e-08
1.385999999999999943e+02,3.333320869929226604e-02,6.592447389816808521e-08
1.388000000000000114e+02,3.333321403739640532e-02,6.315633515841254925e-08
1.390000000000000000e+02,3.333321915882494352e-02,6.049741614201524059e-08
1.391999999999999886e+02,3.333322407183617053e-02,5.794372637434419728e-08
1.394000000000000057e+02,3.333322878439669984e-02,5.549140721301604543e-08
1.395999999999999943e+02,3.333323330419082908e-02,5.313672808234458650e-08
1.398000000000000114e+02,3.333323763862959532e-02,5.087608279083346074e-08
1.400000000000000000e+02,3.333324179485964989e-02,4.870598593026244240e-08
1.401999999999999886e+02,3.333324577977182096e-02,4.662306935765590209e-08
1.404000000000000057e+02,3.333324960000946108e-02,4.462407875827067872e-08
1.405999999999999943e+02,3.333325326197655175e-02,4.270587028668752271e-08
1.408000000000000114e+02,3.333325677184555830e-02,4.086540728858438621e-08
1.410000000000000000e+02,3.333326013556507650e-02,3.909975709911502234e-08
1.411999999999999886e+02,3.333326335886722946e-02,3.740608791853009391e-08
1.414000000000000057e+02,3.333326644727489796e-02,3.578166576354994061e-08
1.415999999999999943e+02,3.333326940610867317e-02,3.422385149304918138e-08
1.418000000000000114e+02,3.333327224049365684e-02,3.273009790774939098e-08
1.420000000000000000e+02,3.333327495536601848e-02,3.129794692132236504e-08
1.421999999999999886e+02,3.333327755547939308e-02,2.992502680360142550e-08
1.424000000000000057e+02,3.333328004541104977e-02,2.860904949434535281e-08
1.425999999999999943e+02,3.333328242956791476e-02,2.734780798478048830e-08
1.428000000000000114e+02,3.333328471219237921e-02,2.613917376725012869e-08
1.430000000000000000e+02,3.333328689736792666e-02,2.498109435197571423e-08
1.431999999999999886e+02,3.333328898902461479e-02,2.387159084955120792e-08
1.434000000000000057e+02,3.333329099094439751e-02,2.280875561650666124e-08
1.435999999999999943e+02,3.333329290676621814e-02,2.179074996473223088e-08
1.438000000000000114e+02,3.333329473999099846e-02,2.081580193345739838e-08
1.440000000000000000e+02,3.333329649398648203e-02,1.988220412071363106e-08
1.441999999999999886e+02,3.333329817199187639e-02,1.898831157409156279e-08
1.444000000000000057e+02,3.333329977712239794e-02,1.813253974313119047e-08
1.445999999999999943e+02,3.333330131237362964e-02,1.731336248350840318e-08
1.448000000000000114e+02,3.333330278062576757e-02,1.652931012247337879e-08
1.450000000000000000e+02,3.333330418464774264e-02,1.577896757614522433e-08
1.451999999999999886e+02,3.333330552710116884e-02,1.506097252072082256e-08
1.454000000000000057e+02,3.333330681054419431e-02,1.437401361778937891e-08
1.455999999999999943e+02,3.333330803743522752e-02,1.371682878954953384e-08
1.458000000000000114e+02,3.333330921013653858e-02,1.308820354475452745e-08
1.460000000000000000e+02,3.333331033091772866e-02,1.248696935433844707e-08
1.461999999999999886e+02,3.333331140195910230e-02,1.191200207395037197e-08
1.464000000000000057e+02,3.333331242535492872e-02,1.136222041509459386e-08
1.465999999999999943e+02,3.333331340311658508e-02,1.083658446020881868e-08
1.468000000000000114e+02,3.333331433717560965e-02,1.033409422411897896e-08
1.470000000000000000e+02,3.333331522938660918e-02,9.853788258454667230e-09
1.471999999999999886e+02,3.333331608153016629e-02,9.394742298250769094e-09
1.474000000000000057e+02,3.333331689531551789e-02,8.956067951732905579e-09
1.475999999999999943e+02,3.333331767238325444e-02,8.536911428418228839e-09
1.478000000000000114e+02,3.333331841430788728e-02,8.136452309247395627e-09
1.480000000000000000e+02,3.333331912260027730e-02,7.753902353270421298e-09
1.481999999999999886e+02,3.333331979871009820e-02,7.388504343728817056e-09
1.484000000000000057e+02,3.333332044402808475e-02,7.039530968698588851e-09
1.485999999999999943e+02,3.333332105988829480e-02,6.706283738704456738e-09
1.488000000000000114e+02,3.333332164757026039e-02,6.388091939607528825e-09
1.490000000000000000e+02,3.333332220830106246e-02,6.084311618328299241e-09
1.491999999999999886e+02,3.333332274325733618e-02,5.794324601346497549e-09
1.494000000000000057e+02,3.333332325356720693e-02,5.517537545782638671e-09
1.495999999999999943e+02,3.333332374031214296e-02,5.253381021959778128e-09
1.498000000000000114e+02,3.333332420452880807e-02,5.001308625529212729e-09
1.500000000000000000e+02,3.333332464721072003e-02,4.760796119148302192e-09
1.501999999999999886e+02,3.333332506930999223e-02,4.531340603116401689e-09
1.504000000000000057e+02,3.333332547173892962e-02,4.312459713891492663e-09
1.505999999999999943e+02,3.333332585537156917e-02,4.103690849397263042e-09
1.508000000000000114e+02,3.333332622104520637e-02,3.904590420390941135e-09
1.510000000000000000e+02,3.333332656956181778e-02,3.714733128347199807e-09
1.511999999999999886e+02,3.333332690168948342e-02,3.533711266777393941e-09
1.514000000000000057e+02,3.333332721816370525e-02,3.361134046771440452e-09
1.515999999999999943e+02,3.333332751968872548e-02,3.196626948007785345e-09
1.518000000000000114e+02,3.333332780693874092e-02,3.039831088350529411e-09
1.520000000000000000e+02,3.333332808055913810e-02,2.890402619833069115e-09
1.521999999999999886e+02,3.333332834116764509e-02,2.748012142695625202e-09
1.524000000000000057e+02,3.333332858935541404e-02,2.612344141262967415e-09
1.525999999999999943e+02,3.333332882568812439e-02,2.483096440007559706e-09
1.528000000000000114e+02,3.333332905070702373e-02,2.359979679121881371e-09
1.530000000000000000e+02,3.333332926492987847e-02,2.242716807818606792e-09
1.531999999999999886e+02,3.333332946885197295e-02,2.131042596927299182e-09
1.534000000000000057e+02,3.333332966294699079e-02,2.024703169060564056e-09
1.535999999999999943e+02,3.333332984766795154e-02,1.923455544642984092e-09
1.538000000000000114e+02,3.333333002344800178e-02,1.827067206106411183e-09
1.540000000000000000e+02,3.333333019070128245e-02,1.735315677308034322e-09
1.541999999999999886e+02,3.333333034982368520e-02,1.647988118137022494e-09
1.544000000000000057e+02,3.333333050119362262e-02,1.564880934390977113e-09
1.545999999999999943e+02,3.333333064517275679e-02,1.485799402290801219e-09
1.548000000000000114e+02,3.333333078210670014e-02,1.410557307108893483e-09
1.550000000000000000e+02,3.333333091232567463e-02,1.338976594420749914e-09
1.551999999999999886e+02,3.333333103614517789e-02,1.270887035973468402e-09
1.554000000000000057e+02,3.333333115386657303e-02,1.206125906604389082e-09
1.555999999999999943e+02,3.333333126577772698e-02,1.144537674531645522e-09
1.558000000000000114e+02,3.333333137215355180e-02,1.085973703020065435e-09
1.560000000000000000e+02,3.333333147325656665e-02,1.030291963161122627e-09
1.561999999999999886e+02,3.333333156933741825e-02,9.773567588436557512e-10
1.564000000000000057e+02,3.333333166063539438e-02,9.270384604772778379e-10
1.565999999999999943e+02,3.333333174737892340e-02,8.792132511390853048e-10
1.568000000000000114e+02,3.333333182978600456e-02,8.337628803031940903e-10
1.570000000000000000e+02,3.333333190806470753e-02,7.905744291688800188e-10
1.571999999999999886e+02,3.333333198241355405e-02,7.495400846738385950e-10
1.574000000000000057e+02,3.333333205302196206e-02,7.105569212718386908e-10
1.575999999999999943e+02,3.333333212007064117e-02,6.735266930301055714e-10
1.578000000000000114e+02,3.333333218373194656e-02,6.383556322281788239e-10
1.580000000000000000e+02,3.333333224417026758e-02,6.049542578306180495e-10
1.581999999999999886e+02,3.333333230154238158e-02,5.732371902477825431e-10
1.584000000000000057e+02,3.333333235599777317e-02,5.431229735512480605e-10
1.585999999999999943e+02,3.333333240767895334e-02,5.145339058101083331e-10
1.588000000000000114e+02,3.333333245672179257e-02,4.873958754635135725e-10
1.590000000000000000e+02,3.333333250325577063e-02,4.616382046228695785e-10
1.591999999999999886e+02,3.333333254740432350e-02,4.371934986649790323e-10
1.594000000000000057e+02,3.333333258928505155e-02,4.139975021721644977e-10
1.595999999999999943e+02,3.333333262901001792e-02,3.919889602767655104e-10
1.598000000000000114e+02,3.333333266668598444e-02,3.711094865748777552e-10
1.600000000000000000e+02,3.333333270241465446e-02,3.513034349683541023e-10
1.601999999999999886e+02,3.333333273629288801e-02,3.325177797433481288e-10
1.604000000000000057e+02,3.333333276841294462e-02,3.147019962520625070e-10
1.605999999999999943e+02,3.333333279886267070e-02,2.978079512050530494e-10
1.608000000000000114e+02,3.333333282772570072e-02,2.817897944086736361e-10
1.610000000000000000e+02,3.333333285508167237e-02,2.666038555884486861e-10
1.611999999999999886e+02,3.333333288100637920e-02,2.522085470858277131e-10
1.614000000000000057e+02,3.333333290557195794e-02,2.385642693480392448e-10
1.615999999999999943e+02,3.333333292884707588e-02,2.256333200560052239e-10
1.618000000000000114e+02,3.333333295089705578e-02,2.133798085439107860e-10
1.620000000000000000e+02,3.333333297178405624e-02,2.017695723007899125e-10
1.621999999999999886e+02,3.333333299156721052e-02,1.907700991469826695e-10
1.624000000000000057e+02,3.333333301030275836e-02,1.803504501700322393e-10
1.625999999999999943e+02,3.333333302804420556e-02,1.704811875436263645e-10
1.628000000000000114e+02,3.333333304484242116e-02,1.611343062623959927e-10
1.630000000000000000e+02,3.333333306074577618e-02,1.522831663556699002e-10
1.631999999999999886e+02,3.333333307580026161e-02,1.439024304520078398e-10
1.634000000000000057e+02,3.333333309004959943e-02,1.359680032274828764e-10
1.635999999999999943e+02,3.333333310353534668e-02,1.284569724548266799e-10
1.638000000000000114e+02,3.333333311629699952e-02,1.213475548268689171e-10
1.640000000000000000e+02,3.333333312837209045e-02,1.146190423644874210e-10
1.641999999999999886e+02,3.333333313979627843e-02,1.082517513348626649e-10
1.644000000000000057e+02,3.333333315060344609e-02,1.022269748526516007e-10
1.645999999999999943e+02,3.333333316082577602e-02,9.652693631951619619e-11
1.648000000000000114e+02,3.333333317049384098e-02,9.113474498452143967e-11
1.650000000000000000e+02,3.333333317963668024e-02,8.603435400935002830e-11
1.651999999999999886e+02,3.333333318828185510e-02,8.121052014370024543e-11
1.654000000000000057e+02,3.333333319645554599e-02,7.664876551275603279e-11
1.655999999999999943e+02,3.333333320418260109e-02,7.233534081691534379e-11
1.658000000000000114e+02,3.333333321148661960e-02,6.825718993446649832e-11
1.660000000000000000e+02,3.333333321838998636e-02,6.440191722038745623e-11
1.661999999999999886e+02,3.333333322491394829e-02,6.075775472342560467e-11
1.664000000000000057e+02,3.333333323107867674e-02,5.731353222648288898e-11
1.665999999999999943e+02,3.333333323690330224e-02,5.405864873732532046e-11
1.668000000000000114e+02,3.333333324240597695e-02,5.098304340378086847e-11
1.670000000000000000e+02,3.333333324760390931e-02,4.807717082991191609e-11
1.671999999999999886e+02,3.333333325251343349e-02,4.533197390945327104e-11
1.674000000000000057e+02,3.333333325715003015e-02,4.273886188802246814e-11
1.675999999999999943e+02,3.333333326152839587e-02,4.028968588568642166e-11
1.678000000000000114e+02,3.333333326566243621e-02,3.797671741503502816e-11
1.680000000000000000e+02,3.333333326956536974e-02,3.579262842384658815e-11
1.681999999999999886e+02,3.333333327324968648e-02,3.373047013323670450e-11
1.684000000000000057e+02,3.333333327672725194e-02,3.178365530001758325e-11
1.685999999999999943e+02,3.333333328000930712e-02,2.994593970989084674e-11
1.688000000000000114e+02,3.333333328310649629e-02,2.821140509441451022e-11
1.690000000000000000e+02,3.333333328602890167e-02,2.657444244282805228e-11
1.691999999999999886e+02,3.333333328878609197e-02,2.502973739116763689e-11
1.694000000000000057e+02,3.333333329138710166e-02,2.357225420859242086e-11
1.695999999999999943e+02,3.333333329384051413e-02,2.219722287079862229e-11
1.698000000000000114e+02,3.333333329615444790e-02,2.090012509509210612e-11
1.700000000000000000e+02,3.333333329833659125e-02,1.967668122425526888e-11
1.701999999999999886e+02,3.333333330039420922e-02,1.852283863425789334e-11
1.704000000000000057e+02,3.333333330233420599e-02,1.743476015584148608e-11
1.705999999999999943e+02,3.333333330416309720e-02,1.640881281990412178e-11
1.708000000000000114e+02,3.333333330588705151e-02,1.544155758169914403e-11
1.710000000000000000e+02,3.333333330751190454e-02,1.452973903389905065e-11
1.711999999999999886e+02,3.333333330904320047e-02,1.367027663009620509e-11
1.714000000000000057e+02,3.333333331048614345e-02,1.286025473084865863e-11
1.715999999999999943e+02,3.333333331184569481e-02,1.209691507550839387e-11
1.718000000000000114e+02,3.333333331312653136e-02,1.137764817744959103e-11
1.720000000000000000e+02,3.333333331433306623e-02,1.069998503936225729e-11
1.721999999999999886e+02,3.333333331546949746e-02,1.006159107259647846e-11
1.724000000000000057e+02,3.333333331653976633e-02,9.460257879208053473e-12
1.725999999999999943e+02,3.333333331754761986e-02,8.893897515474871140e-12
1.728000000000000114e+02,3.333333331849658993e-02,8.360535746013850361e-12
1.730000000000000000e+02,3.333333331939001415e-02,7.858306280213667436e-12
1.731999999999999886e+02,3.333333332023105666e-02,7.385444609951382134e-12
1.734000000000000057e+02,3.333333332102270119e-02,6.940283461853925865e-12
1.735999999999999943e+02,3.333333332176776492e-02,6.521246717336781139e-12
1.738000000000000114e+02,3.333333332246890546e-02,6.126845814277017707e-12
1.740000000000000000e+02,3.333333332312864161e-02,5.755673463982264269e-12
1.741999999999999886e+02,3.333333332374935343e-02,5.406400691115448189e-12
1.744000000000000057e+02,3.333333332433328217e-02,5.077772319714789465e-12
1.745999999999999943e+02,3.333333332488254419e-02,4.768602623334864826e-12
1.748000000000000114e+02,3.333333332539914484e-02,4.477771719228043545e-12
1.750000000000000000e+02,3.333333332588496456e-02,4.204222349365177832e-12
1.751999999999999886e+02,3.333333332634179358e-02,3.946956463045227895e-12
1.754000000000000057e+02,3.333333332677131805e-02,3.705031854708714200e-12
1.755999999999999943e+02,3.333333332717511310e-02,3.477558900685560413e-12
1.758000000000000114e+02,3.333333332755468448e-02,3.263698126566660739e-12
1.760000000000000000e+02,3.333333332791144771e-02,3.062657578478227844e-12
1.761999999999999886e+02,3.333333332824673506e-02,2.873689471257800725e-12
1.764000000000000057e+02,3.333333332856180248e-02,2.696089029403901421e-12
1.765999999999999943e+02,3.333333332885783651e-02,2.529190533069233663e-12
1.768000000000000114e+02,3.333333332913596125e-02,2.372367162233167504e-12
1.770000000000000000e+02,3.333333332939722449e-02,2.225026677571460127e-12
1.771999999999999886e+02,3.333333332964261847e-02,2.086611286973400250e-12
1.774000000000000057e+02,3.333333332987309383e-02,1.956594550111052276e-12
1.775999999999999943e+02,3.333333333008952487e-02,1.834480796526411863e-12
1.778000000000000114e+02,3.333333333029274426e-02,1.719802138278187352e-12
1.780000000000000000e+02,3.333333333048354302e-02,1.612118022775462807e-12
1.781999999999999886e+02,3.333333333066265669e-02,1.511012990807292402e-12
1.784000000000000057e+02,3.333333333083077915e-02,1.416095678398976137e-12
1.785999999999999943e+02,3.333333333098857654e-02,1.326997127621359652e-12
1.788000000000000114e+02,3.333333333113665253e-02,1.243370204281900740e-12
1.790000000000000000e+02,3.333333333127560388e-02,1.164887465708271954e-12
1.791999999999999886e+02,3.333333333140597876e-02,1.091240591010444295e-12
1.794000000000000057e+02,3.333333333152828371e-02,1.022139455795945308e-12
1.795999999999999943e+02,3.333333333164300444e-02,9.573104535245323216e-13
1.798000000000000114e+02,3.333333333175061280e-02,8.964963292764680956e-13
1.800000000000000000e+02,3.333333333185152514e-02,8.394548707556138050e-13
1.801999999999999886e+02,3.333333333194615777e-02,7.859578022770839924e-13
1.804000000000000057e+02,3.333333333203488541e-02,7.357906032062158508e-13
1.805999999999999943e+02,3.333333333211806887e-02,6.887509465977565740e-13
1.808000000000000114e+02,3.333333333219604122e-02,6.446490971191691042e-13
1.810000000000000000e+02,3.333333333226912859e-02,6.033059128534898028e-13
1.811999999999999886e+02,3.333333333233762935e-02,5.645531266964431696e-13
1.814000000000000057e+02,3.333333333240181412e-02,5.282328605521358664e-13
1.815999999999999943e+02,3.333333333246196045e-02,4.941955627307639207e-13
1.818000000000000114e+02,3.333333333251831121e-02,4.623018182671286715e-13
1.820000000000000000e+02,3.333333333257109538e-02,4.324196143699272672e-13
1.821999999999999886e+02,3.333333333262054193e-02,4.044252216788353523e-13
1.824000000000000057e+02,3.333333333266685211e-02,3.782023288978416267e-13
1.825999999999999943e+02,3.333333333271022020e-02,3.536414783861428386e-13
1.828000000000000114e+02,3.333333333275083354e-02,3.306401440726796278e-13
1.830000000000000000e+02,3.333333333278885174e-02,3.091015385234814111e-13
1.831999999999999886e+02,3.333333333282444827e-02,2.889347635531238402e-13
1.834000000000000057e+02,3.333333333285776190e-02,2.700544238342951918e-13
1.835999999999999943e+02,3.333333333288894529e-02,2.523807765612464810e-13
1.838000000000000114e+02,3.333333333291813028e-02,2.358381537677220390e-13
1.840000000000000000e+02,3.333333333294544176e-02,2.203562227792297271e-13
1.841999999999999886e+02,3.333333333297099771e-02,2.058684056794780462e-13
1.844000000000000057e+02,3.333333333299490220e-02,1.923122803894003563e-13
1.845999999999999943e+02,3.333333333301725931e-02,1.796295170951201592e-13
1.848000000000000114e+02,3.333333333303818008e-02,1.677651661709024873e-13
1.850000000000000000e+02,3.333333333305774082e-02,1.566674481601710582e-13
1.851999999999999886e+02,3.333333333307603175e-02,1.462879803873685807e-13
1.854000000000000057e+02,3.333333333309313612e-02,1.365816599228334129e-13
1.855999999999999943e+02,3.333333333310913027e-02,1.275054681606388758e-13
1.858000000000000114e+02,3.333333333312407665e-02,1.190196626409330817e-13
1.860000000000000000e+02,3.333333333313805158e-02,1.110866468189090031e-13
1.861999999999999886e+02,3.333333333315111058e-02,1.036711754504116936e-13
1.864000000000000057e+02,3.333333333316331609e-02,9.674026636266300107e-14
1.865999999999999943e+02,3.333333333317472363e-02,9.026309687107840869e-14
1.868000000000000114e+02,3.333333333318537484e-02,8.421032066204500902e-14
1.870000000000000000e+02,3.333333333319533215e-02,7.855517191831799088e-14
1.871999999999999886e+02,3.333333333320463027e-02,7.327170987875870016e-14
1.874000000000000057e+02,3.333333333321331776e-02,6.833626542184251011e-14
1.875999999999999943e+02,3.333333333322142239e-02,6.372659944448136446e-14
1.878000000000000114e+02,3.333333333322899966e-02,5.942132522490041539e-14
1.880000000000000000e+02,3.333333333323607039e-02,5.540102264231679752e-14
1.881999999999999886e+02,3.333333333324267622e-02,5.164696936280479423e-14
1.884000000000000057e+02,3.333333333324883796e-02,4.814244549734797150e-14
1.885999999999999943e+02,3.333333333325459030e-02,4.487057064095854845e-14
1.888000000000000114e+02,3.333333333325995407e-02,4.181672019294797082e-14
1.890000000000000000e+02,3.333333333326496395e-02,3.896654058814258895e-14
1.891999999999999886e+02,3.333333333326964076e-02,3.630663163316338997e-14
1.894000000000000057e+02,3.333333333327400533e-02,3.382473810358605145e-14
1.895999999999999943e+02,3.333333333327807152e-02,3.150895547007609348e-14
1.898000000000000114e+02,3.333333333328186709e-02,2.934867194650316591e-14
1.900000000000000000e+02,3.333333333328540593e-02,2.733355603151827394e-14
1.901999999999999886e+02,3.333333333328870884e-02,2.545416682811846004e-14
1.904000000000000057e+02,3.333333333329178277e-02,2.370119894142553283e-14
1.905999999999999943e+02,3.333333333329465548e-02,2.206672723078000519e-14
1.908000000000000114e+02,3.333333333329733389e-02,2.054285059870681519e-14
1.910000000000000000e+02,3.333333333329982495e-02,1.912193767231551629e-14
1.911999999999999886e+02,3.333333333330214948e-02,1.779757474046064915e-14
1.914000000000000057e+02,3.333333333330431442e-02,1.656311939509655198e-14
1.915999999999999943e+02,3.333333333330633363e-02,1.541254263217895895e-14
1.918000000000000114e+02,3.333333333330821407e-02,1.434028927702897657e-14
1.920000000000000000e+02,3.333333333330996961e-02,1.334146244856668392e-14
1.921999999999999886e+02,3.333333333331160026e-02,1.241068271194738938e-14
1.924000000000000057e+02,3.333333333331311987e-02,1.154360447917121016e-14
1.925999999999999943e+02,3.333333333331453541e-02,1.073599106564917272e-14
1.928000000000000114e+02,3.333333333331585380e-02,9.983779291046935195e-15
1.930000000000000000e+02,3.333333333331708198e-02,9.283395191374139113e-15
1.931999999999999886e+02,3.333333333331822690e-02,8.630949850145443454e-15
1.934000000000000057e+02,3.333333333331928855e-02,8.023677621133454959e-15
1.935999999999999943e+02,3.333333333332028081e-02,7.458243957421735489e-15
1.938000000000000114e+02,3.333333333332120368e-02,6.931962385242022032e-15
1.940000000000000000e+02,3.333333333332206411e-02,6.442234409379955089e-15
1.941999999999999886e+02,3.333333333332286208e-02,5.986372699011461630e-15
1.944000000000000057e+02,3.333333333332360454e-02,5.562168417832249384e-15
1.945999999999999943e+02,3.333333333332429149e-02,5.167300289278199488e-15
1.948000000000000114e+02,3.333333333332493681e-02,4.800232875917241489e-15
1.950000000000000000e+02,3.333333333332553355e-02,4.458572728200936926e-15
1.951999999999999886e+02,3.333333333332608867e-02,4.140900759207442254e-15
1.954000000000000057e+02,3.333333333332660908e-02,3.845466627075745835e-15
1.955999999999999943e+02,3.333333333332708787e-02,3.570583093572660288e-15
1.958000000000000114e+02,3.333333333332753889e-02,3.315172874493040179e-15
1.960000000000000000e+02,3.333333333332794829e-02,3.077518408248458854e-15
1.961999999999999886e+02,3.333333333332833687e-02,2.856569195875873779e-15
1.964000000000000057e+02,3.333333333332869769e-02,2.651266570004212925e-15
1.965999999999999943e+02,3.333333333332903076e-02,2.460577699603433173e-15
1.968000000000000114e+02,3.333333333332934301e-02,2.283305383495131134e-15
1.970000000000000000e+02,3.333333333332962750e-02,2.118562986685693311e-15
1.971999999999999886e+02,3.333333333332989812e-02,1.965507834023956068e-15
1.974000000000000057e+02,3.333333333333014792e-02,1.823088540578181475e-15
1.975999999999999943e+02,3.333333333333037690e-02,1.691150686631904478e-15
1.978000000000000114e+02,3.333333333333059201e-02,1.568401515073496523e-15
1.980000000000000000e+02,3.333333333333078630e-02,1.454330898896245487e-15
1.981999999999999886e+02,3.333333333333097365e-02,1.348529037842994177e-15
1.984000000000000057e+02,3.333333333333114712e-02,1.250315868717377570e-15
1.985999999999999943e+02,3.333333333333130671e-02,1.159188599313009499e-15
1.988000000000000114e+02,3.333333333333145243e-02,1.074477367416613792e-15
1.990000000000000000e+02,3.333333333333159121e-02,9.957584378564617077e-16
1.991999999999999886e+02,3.333333333333171611e-02,9.227979211117496673e-16
1.994000000000000057e+02,3.333333333333183407e-02,8.551537070004932008e-16
1.995999999999999943e+02,3.333333333333194509e-02,7.922844610358004143e-16
1.998000000000000114e+02,3.333333333333204918e-02,7.341374388981084391e-16
2.000000000000000000e+02,3.333333333333213938e-02,6.800340594921280821e-16
