2.000000000000000111e-01,0.000000000000000000e+00,1.023675669116199533e-02
4.000000000000000222e-01,5.636472116682389455e-07,1.023650589925420226e-02
5.999999999999999778e-01,1.504506795625693005e-06,1.023608729874063428e-02
8.000000000000000444e-01,2.824750438341905312e-06,1.023549996855006687e-02
1.000000000000000000e+00,4.527419173352975612e-06,1.023474261904479786e-02
1.199999999999999956e+00,6.616424038721757661e-06,1.023381359188887604e-02
1.399999999999999911e+00,9.096546900358437604e-06,1.023271085988758204e-02
1.600000000000000089e+00,1.197344142513795395e-05,1.023143202680479660e-02
1.800000000000000044e+00,1.525363418401065596e-05,1.022997432716632633e-02
2.000000000000000000e+00,1.894452586184008913e-05,1.022833462605867577e-02
2.200000000000000178e+00,2.305439254734337196e-05,1.022650941893414600e-02
2.399999999999999911e+00,2.759238707283201419e-05,1.022449483143455205e-02
2.600000000000000089e+00,3.256854037075873620e-05,1.022228661924702575e-02
2.799999999999999822e+00,3.799376281047456283e-05,1.021988016800693538e-02
3.000000000000000000e+00,4.387984547553347436e-05,1.021727049326386430e-02
3.200000000000000178e+00,5.023946133880796694e-05,1.021445224052807028e-02
3.399999999999999911e+00,5.708616629057639003e-05,1.021141968541592823e-02
3.600000000000000089e+00,6.443439997039224210e-05,1.020816673391376946e-02
3.799999999999999822e+00,7.229948635313621086e-05,1.020468692278097590e-02
4.000000000000000000e+00,8.069763403488472431e-05,1.020097342011366814e-02
4.200000000000000178e+00,8.964593616374999518e-05,1.019701902609172761e-02
4.400000000000000355e+00,9.916236995773097807e-05,1.019281617393233419e-02
4.599999999999999645e+00,1.092657957497550347e-04,1.018835693107427581e-02
4.799999999999999822e+00,1.199759554988688581e-04,1.018363300061775160e-02
5.000000000000000000e+00,1.313134707038796090e-04,1.017863572304518460e-02
5.200000000000000178e+00,1.432998396557819132e-04,1.017335607824893309e-02
5.400000000000000355e+00,1.559574339625516282e-04,1.016778468789237416e-02
5.599999999999999645e+00,1.693094942805048464e-04,1.016191181813097359e-02
5.799999999999999822e+00,1.833801251842209767e-04,1.015572738272049226e-02
6.000000000000000000e+00,1.981942891079793712e-04,1.014922094653935257e-02
6.200000000000000178e+00,2.137777992899242419e-04,1.014238172955229944e-02
6.400000000000000355e+00,2.301573116517199868e-04,1.013519861124262400e-02
6.599999999999999645e+00,2.473603155455292302e-04,1.012766013553977398e-02
6.799999999999999822e+00,2.654151233013463118e-04,1.011975451626901355e-02
7.000000000000000000e+00,2.843508585084336682e-04,1.011146964314944829e-02
7.200000000000000178e+00,3.041974429655106005e-04,1.010279308836613439e-02
7.400000000000000355e+00,3.249855822363006963e-04,1.009371211374135088e-02
7.599999999999999645e+00,3.467467497477935701e-04,1.008421367852945470e-02
7.799999999999999822e+00,3.695131693718239907e-04,1.007428444785878584e-02
8.000000000000000000e+00,3.933177964316886266e-04,1.006391080184304218e-02
8.199999999999999289e+00,4.181942970788582459e-04,1.005307884538359821e-02
8.400000000000000355e+00,4.441770259876812177e-04,1.004177441868280701e-02
8.599999999999999645e+00,4.713010023186525732e-04,1.002998310848707796e-02
8.800000000000000711e+00,4.996018839052360216e-04,1.001769026007695920e-02
9.000000000000000000e+00,5.291159396219741184e-04,1.000488099001994521e-02
9.199999999999999289e+00,5.598800198968884034e-04,9.991540199699834937e-03
9.400000000000000355e+00,5.919315253345852623e-04,9.977652589634795899e-03
9.599999999999999645e+00,6.253083734216874356e-04,9.963202674594174788e-03
9.800000000000000711e+00,6.600489632911377136e-04,9.948174799522119249e-03
1.000000000000000000e+01,6.961921385272365481e-04,9.932553156273856917e-03
1.019999999999999929e+01,7.337771479985349954e-04,9.916321801168113265e-03
1.040000000000000036e+01,7.728436047116232777e-04,9.899464673356880851e-03
1.059999999999999964e+01,8.134314426849753588e-04,9.881965614011192084e-03
1.080000000000000071e+01,8.555808718482826869e-04,9.863808386318933391e-03
1.100000000000000000e+01,8.993323309786915853e-04,9.844976696288197313e-03
1.119999999999999929e+01,9.447264386926862434e-04,9.825454214346746040e-03
1.140000000000000036e+01,9.918039425187152869e-04,9.805224597725540475e-03
1.159999999999999964e+01,1.040605666082758396e-03,9.784271513611315571e-03
1.180000000000000071e+01,1.091172454446377726e-03,9.762578663050185124e-03
1.200000000000000000e+01,1.143545117643682274e-03,9.740129805581507899e-03
1.219999999999999929e+01,1.197764372471279981e-03,9.716908784577980504e-03
1.240000000000000036e+01,1.253870782592418631e-03,9.692899553265073992e-03
1.259999999999999964e+01,1.311904697024468547e-03,9.668086201389787873e-03
1.280000000000000071e+01,1.371906187085700224e-03,9.642452982505713213e-03
1.300000000000000000e+01,1.433914981885407725e-03,9.615984341838185526e-03
1.319999999999999929e+01,1.497970402448429994e-03,9.588664944690565572e-03
1.340000000000000036e+01,1.564111294572734234e-03,9.560479705349319082e-03
1.359999999999999964e+01,1.632375960525962733e-03,9.531413816442881048e-03
1.380000000000000071e+01,1.702802089694012422e-03,9.501452778706294400e-03
1.400000000000000000e+01,1.775426688301343092e-03,9.470582431100610030e-03
1.419999999999999929e+01,1.850286008330578880e-03,9.438788981233613498e-03
1.440000000000000036e+01,1.927415475773970599e-03,9.406059036025262235e-03
1.459999999999999964e+01,2.006849618357113563e-03,9.372379632559133672e-03
1.480000000000000071e+01,2.088621992880894396e-03,9.337738269058398766e-03
1.500000000000000000e+01,2.172765112332584320e-03,9.302122935922488289e-03
1.519999999999999929e+01,2.259310372924008131e-03,9.265522146758648631e-03
1.540000000000000036e+01,2.348287981218277753e-03,9.227924969340257563e-03
1.559999999999999964e+01,2.439726881512345458e-03,9.189321056422034006e-03
1.580000000000000071e+01,2.533654683645889666e-03,9.149700676340466465e-03
1.600000000000000000e+01,2.630097591411754282e-03,9.109054743326317274e-03
1.619999999999999929e+01,2.729080331745820098e-03,9.067374847454665043e-03
1.639999999999999858e+01,2.830626084876976256e-03,9.024653284156764627e-03
1.660000000000000142e+01,2.934756415620864284e-03,8.980883083217204230e-03
1.680000000000000071e+01,3.041491206001355196e-03,8.936058037179015270e-03
1.700000000000000000e+01,3.150848589386655296e-03,8.890172729078891015e-03
1.719999999999999929e+01,3.262844886325617921e-03,8.843222559434637045e-03
1.739999999999999858e+01,3.377494542271427397e-03,8.795203772406714679e-03
1.760000000000000142e+01,3.494810067377548957e-03,8.746113481056173866e-03
1.780000000000000071e+01,3.614801978551261674e-03,8.695949691621757821e-03
1.800000000000000000e+01,3.737478743946358317e-03,8.644711326739721452e-03
1.819999999999999929e+01,3.862846730075100710e-03,8.592398247530856278e-03
1.839999999999999858e+01,3.990910151716084431e-03,8.539011274480786187e-03
1.860000000000000142e+01,4.121671024790236199e-03,8.484552207040755439e-03
1.880000000000000071e+01,4.255129122373049050e-03,8.429023841878428847e-03
1.900000000000000000e+01,4.391281934005904219e-03,8.372429989709936210e-03
1.919999999999999929e+01,4.530124628462785241e-03,8.314775490646996933e-03
1.939999999999999858e+01,4.671650020123256641e-03,8.256066227995491683e-03
1.960000000000000142e+01,4.815848539094301495e-03,8.196309140444791794e-03
1.980000000000000071e+01,4.962708205216392193e-03,8.135512232590144319e-03
2.000000000000000000e+01,5.112214606081039864e-03,8.073684583734029238e-03
2.019999999999999929e+01,5.264350879177207704e-03,8.010836354915791546e-03
2.039999999999999858e+01,5.419097698275608666e-03,7.946978794122778328e-03
2.060000000000000142e+01,5.576433264148954877e-03,7.882124239640323979e-03
2.080000000000000071e+01,5.736333299716091932e-03,7.816286121502088319e-03
2.100000000000000000e+01,5.898771049687098755e-03,7.749478961006769570e-03
2.119999999999999929e+01,6.063717284774707006e-03,7.681718368271832874e-03
2.139999999999999858e+01,6.231140310525528497e-03,7.613021037799732292e-03
2.160000000000000142e+01,6.401005980813088275e-03,7.543404742037018718e-03
2.180000000000000071e+01,6.573277716020908129e-03,7.472888322911824463e-03
2.200000000000000000e+01,6.747916525932592252e-03,7.401491681340498403e-03
2.219999999999999929e+01,6.924881037331551831e-03,7.329235764699374919e-03
2.239999999999999858e+01,7.104127526300740847e-03,7.256142552263189320e-03
2.260000000000000142e+01,7.285609955198977389e-03,7.182235038616996241e-03
2.280000000000000071e+01,7.469280014277067392e-03,7.107537215054091431e-03
2.300000000000000000e+01,7.655087167883763838e-03,7.032074048977841885e-03
2.319999999999999929e+01,7.842978705197730521e-03,6.955871461331090272e-03
2.339999999999999858e+01,8.032899795408672550e-03,6.878956302082097490e-03
2.360000000000000142e+01,8.224793547257188558e-03,6.801356323801676165e-03
2.380000000000000071e+01,8.418601072830187576e-03,6.723100153371616705e-03
2.400000000000000000e+01,8.614261555495324879e-03,6.644217261869789747e-03
2.419999999999999929e+01,8.811712321845781987e-03,6.564737932682709887e-03
2.439999999999999858e+01,9.010888917513931035e-03,6.484693227901479513e-03
2.460000000000000142e+01,9.211725186700745610e-03,6.404114953062090866e-03
2.480000000000000071e+01,9.414153355256329320e-03,6.323035620295966788e-03
2.500000000000000000e+01,9.618104117135414799e-03,6.241488409961346885e-03
2.519999999999999929e+01,9.823506724041714683e-03,6.159507130830624809e-03
2.539999999999999858e+01,1.003028907806432016e-02,6.077126178913152058e-03
2.560000000000000142e+01,1.023837782710031868e-02,5.994380494997019609e-03
2.580000000000000071e+01,1.044769846284884784e-02,5.911305520997284756e-03
2.600000000000000000e+01,1.065817542115360048e-02,5.827937155201649323e-03
2.619999999999999929e+01,1.086973218446311840e-02,5.744311706507946105e-03
2.639999999999999858e+01,1.108229138617191148e-02,5.660465847750846893e-03
2.660000000000000142e+01,1.129577491659897528e-02,5.576436568217913413e-03
2.680000000000000071e+01,1.151010403035537463e-02,5.492261125457609597e-03
2.700000000000000000e+01,1.172519945484790799e-02,5.407976996483924124e-03
2.719999999999999929e+01,1.194098149966248482e-02,5.323621828484106575e-03
2.739999999999999858e+01,1.215737016656793720e-02,5.239233389137436074e-03
2.760000000000000142e+01,1.237428525987912392e-02,5.154849516654063692e-03
2.780000000000000071e+01,1.259164649691705065e-02,5.070508069643642028e-03
2.800000000000000000e+01,1.280937361830384799e-02,4.986246876924022714e-03
2.819999999999999929e+01,1.302738649783065361e-02,4.902103687380160273e-03
2.839999999999999858e+01,1.324560525163820390e-02,4.818116119983129227e-03
2.860000000000000142e+01,1.346395034645261543e-02,4.734321614078562841e-03
2.880000000000000071e+01,1.368234270662146285e-02,4.650757380052654433e-03
2.900000000000000000e+01,1.390070381969982921e-02,4.567460350482571534e-03
2.919999999999999929e+01,1.411895584034073697e-02,4.484467131876444454e-03
2.939999999999999858e+01,1.433702169224986694e-02,4.401813957105907629e-03
2.960000000000000142e+01,1.455482516797127271e-02,4.319536638631901390e-03
2.980000000000000071e+01,1.477229102627771601e-02,4.237670522621662765e-03
3.000000000000000000e+01,1.498934508694720405e-02,4.156250444051762596e-03
3.019999999999999929e+01,1.520591432271601109e-02,4.075310682888775432e-03
3.039999999999999858e+01,1.542192694820781682e-02,3.994884921435523997e-03
3.060000000000000142e+01,1.563731250564801695e-02,3.915006202926864069e-03
3.080000000000000071e+01,1.585200194718323213e-02,3.835706891454925428e-03
3.100000000000000000e+01,1.606592771363673025e-02,3.757018633299168305e-03
3.119999999999999929e+01,1.627902380954185033e-02,3.678972319732085831e-03
3.139999999999999858e+01,1.649122587430769046e-02,3.601598051366505793e-03
3.160000000000000142e+01,1.670247124938338892e-02,3.524925104105296799e-03
3.180000000000000071e+01,1.691269904129992160e-02,3.448981896749218554e-03
3.200000000000000000e+01,1.712185018048160631e-02,3.373795960313184187e-03
3.220000000000000284e+01,1.732986747573208447e-02,3.299393909095698751e-03
3.239999999999999858e+01,1.753669566431359517e-02,3.225801413540721994e-03
3.260000000000000142e+01,1.774228145755131145e-02,3.153043174925414336e-03
3.279999999999999716e+01,1.794657358190827889e-02,3.081142901901535482e-03
3.300000000000000000e+01,1.814952281549042645e-02,3.010123288912496756e-03
3.320000000000000284e+01,1.835108201995401533e-02,2.940005996502253419e-03
3.339999999999999858e+01,1.855120616780224496e-02,2.870811633526448338e-03
3.360000000000000142e+01,1.874985236507074188e-02,2.802559741270582282e-03
3.379999999999999716e+01,1.894697986941473039e-02,2.735268779474235492e-03
3.400000000000000000e+01,1.914255010362444359e-02,2.668956114254906857e-03
3.420000000000000284e+01,1.933652666460718150e-02,2.603638007919650312e-03
3.439999999999999858e+01,1.952887532788796787e-02,2.539329610647353321e-03
3.460000000000000142e+01,1.971956404769195648e-02,2.476044954019588316e-03
3.479999999999999716e+01,1.990856295268413761e-02,2.413796946373100282e-03
3.500000000000000000e+01,2.009584433745312954e-02,2.352597369942419255e-03
3.520000000000000284e+01,2.028138264983637279e-02,2.292456879756949589e-03
3.539999999999999858e+01,2.046515447419504710e-02,2.233385004252802595e-03
3.560000000000000142e+01,2.064713851075635626e-02,2.175390147556254244e-03
3.579999999999999716e+01,2.082731555115040906e-02,2.118479593392461405e-03
3.600000000000000000e+01,2.100566845027778545e-02,2.062659510570342622e-03
3.620000000000000284e+01,2.118218209465161372e-02,2.007934959992355856e-03
3.639999999999999858e+01,2.135684336736591582e-02,1.954309903136042074e-03
3.660000000000000142e+01,2.152964110984883356e-02,1.901787211953122423e-03
3.679999999999999716e+01,2.170056608056509725e-02,1.850368680131148037e-03
3.700000000000000000e+01,2.186961091083842318e-02,1.800055035662733024e-03
3.720000000000000284e+01,2.203677005796865485e-02,1.750845954667922845e-03
3.739999999999999858e+01,2.220203975582348346e-02,1.702740076416404784e-03
3.760000000000000142e+01,2.236541796308726127e-02,1.655735019498115555e-03
3.779999999999999716e+01,2.252690430935295335e-02,1.609827399093284551e-03
3.800000000000000000e+01,2.268650003924535183e-02,1.565012845295989845e-03
3.820000000000000284e+01,2.284420795476472740e-02,1.521286022449124973e-03
3.839999999999999858e+01,2.300003235604161644e-02,1.478640649452906634e-03
3.860000000000000142e+01,2.315397898069319893e-02,1.437069521013958776e-03
3.879999999999999716e+01,2.330605494197141025e-02,1.396564529807378836e-03
3.900000000000000000e+01,2.345626866589198972e-02,1.357116689529873311e-03
3.920000000000000284e+01,2.360462982753183669e-02,1.318716158828153479e-03
3.939999999999999858e+01,2.375114928667997061e-02,1.281352266092992834e-03
3.960000000000000142e+01,2.389583902302460511e-02,1.245013535115577609e-03
3.979999999999999716e+01,2.403871207105524876e-02,1.209687711608950240e-03
4.000000000000000000e+01,2.417978245485539329e-02,1.175361790603072793e-03
4.020000000000000284e+01,2.431906512295651038e-02,1.142022044727374281e-03
4.039999999999999858e+01,2.445657588341977606e-02,1.109654053399079928e-03
4.060000000000000142e+01,2.459233133930630727e-02,1.078242732939171033e-03
4.079999999999999716e+01,2.472634882469148740e-02,1.047772367640081989e-03
4.100000000000000000e+01,2.485864634137271295e-02,1.018226641810024294e-03
4.120000000000000284e+01,2.498924249641377299e-02,9.895886728179129413e-04
4.139999999999999858e+01,2.511815644066242928e-02,9.618410451600223777e-04
4.160000000000000142e+01,2.524540780837084691e-02,9.349658455645378256e-04
4.179999999999999716e+01,2.537101665804158968e-02,9.089446991429832702e-04
4.200000000000000000e+01,2.549500341461441097e-02,8.837588065879416243e-04
4.220000000000000284e+01,2.561738881310178864e-02,8.593889824046451473e-04
4.239999999999999858e+01,2.573819384377339786e-02,8.358156941497640966e-04
4.260000000000000142e+01,2.585743969898217712e-02,8.130191026344467343e-04
4.279999999999999716e+01,2.597514772171666264e-02,7.909791030303598824e-04
4.300000000000000000e+01,2.609133935595674830e-02,7.696753667975965744e-04
4.320000000000000284e+01,2.620603609890180888e-02,7.490873843322765676e-04
4.339999999999999858e+01,2.631925945513272774e-02,7.291945082098755075e-04
4.360000000000000142e+01,2.643103089276127929e-02,7.099759968784081143e-04
4.379999999999999716e+01,2.654137180161280848e-02,6.914110586342273133e-04
4.400000000000000000e+01,2.665030345348049987e-02,6.734788956928663712e-04
4.420000000000000284e+01,2.675784696448206892e-02,6.561587481489973995e-04
4.439999999999999858e+01,2.686402325954230855e-02,6.394299376035524757e-04
4.460000000000000142e+01,2.696885303901799119e-02,6.232719102232447614e-04
4.479999999999999716e+01,2.707235674747431042e-02,6.076642789884897011e-04
4.500000000000000000e+01,2.717455454461566861e-02,5.925868648805839066e-04
4.520000000000000284e+01,2.727546627836675147e-02,5.780197367583297290e-04
4.539999999999999858e+01,2.737511146009378310e-02,5.639432496781720356e-04
4.560000000000000142e+01,2.747350924194972080e-02,5.503380814205239028e-04
4.579999999999999716e+01,2.757067839632125483e-02,5.371852669981026914e-04
4.600000000000000000e+01,2.766663729735035007e-02,5.244662309395587254e-04
4.620000000000000284e+01,2.776140390449733514e-02,5.121628171631037105e-04
4.639999999999999858e+01,2.785499574810827023e-02,5.002573162796447722e-04
4.660000000000000142e+01,2.794742991694411371e-02,4.887324901925515575e-04
4.679999999999999716e+01,2.803872304762542594e-02,4.775715938909552791e-04
4.700000000000000000e+01,2.812889131594198747e-02,4.667583943645510036e-04
4.720000000000000284e+01,2.821795042997336800e-02,4.562771865996649145e-04
4.739999999999999858e+01,2.830591562496292610e-02,4.461128066479642181e-04
4.760000000000000142e+01,2.839280165988477753e-02,4.362506417899783724e-04
4.779999999999999716e+01,2.847862281564056408e-02,4.266766378449999273e-04
4.800000000000000000e+01,2.856339289482047461e-02,4.173773037061945506e-04
4.820000000000000284e+01,2.864712522296080505e-02,4.083397132046046626e-04
4.839999999999999858e+01,2.872983265122869972e-02,3.995515044276606626e-04
4.860000000000000142e+01,2.881152756046309604e-02,3.910008766366387316e-04
4.879999999999999716e+01,2.889222186649976001e-02,3.826765849430195112e-04
4.900000000000000000e+01,2.897192702670743983e-02,3.745679329158778706e-04
4.920000000000000284e+01,2.905065404766141168e-02,3.666647633013041057e-04
4.939999999999999858e+01,2.912841349388044579e-02,3.589574470404929742e-04
4.960000000000000142e+01,2.920521549755305396e-02,3.514368707758013465e-04
4.979999999999999716e+01,2.928106976917894955e-02,3.440944230339070876e-04
5.000000000000000000e+01,2.935598560905218826e-02,3.369219792725626798e-04
5.020000000000000284e+01,2.942997191951284008e-02,3.299118859725757463e-04
5.039999999999999858e+01,2.950303721789498262e-02,3.230569439499046832e-04
5.060000000000000142e+01,2.957518965009983680e-02,3.163503910544442706e-04
5.079999999999999716e+01,2.964643700472385443e-02,3.097858844125398153e-04
5.100000000000000000e+01,2.971678672767316676e-02,3.033574823597366557e-04
5.120000000000000284e+01,2.978624593719718383e-02,2.970596261991327114e-04
5.139999999999999858e+01,2.985482143927584500e-02,2.908871219091129943e-04
5.160000000000000142e+01,2.992251974329683192e-02,2.848351219125054199e-04
5.179999999999999716e+01,2.998934707796098789e-02,2.788991070074875477e-04
5.200000000000000000e+01,3.005530940735626905e-02,2.730748685490380244e-04
5.220000000000000284e+01,3.012041244714257215e-02,2.673584909585867571e-04
5.239999999999999858e+01,3.018466168079219844e-02,2.617463346287776335e-04
5.260000000000000142e+01,3.024806237583292992e-02,2.562350192801325058e-04
5.279999999999999716e+01,3.031061960004295328e-02,2.508214078168597393e-04
5.300000000000000000e+01,3.037233823754957596e-02,2.455025907201861812e-04
5.320000000000000284e+01,3.043322300478581988e-02,2.402758710094299993e-04
5.339999999999999858e+01,3.049327846626172234e-02,2.351387497935643648e-04
5.360000000000000142e+01,3.055250905010960250e-02,2.300889124292729076e-04
5.379999999999999716e+01,3.061091906336505658e-02,2.251242152954259046e-04
5.400000000000000000e+01,3.066851270694798473e-02,2.202426731885247506e-04
5.420000000000000284e+01,3.072529409031059602e-02,2.154424473389015865e-04
5.439999999999999858e+01,3.078126724572166628e-02,2.107218340433256458e-04
5.460000000000000142e+01,3.083643614215898082e-02,2.060792539060855454e-04
5.479999999999999716e+01,3.089080469878421886e-02,2.015132416775821419e-04
5.500000000000000000e+01,3.094437679797713142e-02,1.970224366768945530e-04
5.520000000000000284e+01,3.099715629790798788e-02,1.926055737826921389e-04
5.539999999999999858e+01,3.104914704462994821e-02,1.882614749751343431e-04
5.560000000000000142e+01,3.110035288367497125e-02,1.839890414100743066e-04
5.579999999999999716e+01,3.115077767113924936e-02,1.797872460058624010e-04
5.600000000000000000e+01,3.120042528424636294e-02,1.756551265223123054e-04
5.620000000000000284e+01,3.124929963137829808e-02,1.715917791109293272e-04
5.639999999999999858e+01,3.129740466156661488e-02,1.675963523152361478e-04
5.660000000000000142e+01,3.134474437343792025e-02,1.636680414999895129e-04
5.679999999999999716e+01,3.139132282360972831e-02,1.598060836881736542e-04
5.700000000000000000e+01,3.143714413453451567e-02,1.560097527849083597e-04
5.720000000000000284e+01,3.148221250179160380e-02,1.522783551677792959e-04
5.739999999999999858e+01,3.152653220082793362e-02,1.486112256235446859e-04
5.760000000000000142e+01,3.157010759315060505e-02,1.450077236117271000e-04
5.779999999999999716e+01,3.161294313197527545e-02,1.414672298361908975e-04
5.800000000000000000e+01,3.165504336733603735e-02,1.379891431064562469e-04
5.820000000000000284e+01,3.169641295066362441e-02,1.345728774711919644e-04
5.839999999999999858e+01,3.173705663884004990e-02,1.312178596070288287e-04
5.860000000000000142e+01,3.177697929773888597e-02,1.279235264465657855e-04
5.879999999999999716e+01,3.181618590526139739e-02,1.246893230301699806e-04
5.900000000000000000e+01,3.185468155387981976e-02,1.215147005669005276e-04
5.920000000000000284e+01,3.189247145269980682e-02,1.183991146906109335e-04
5.939999999999999858e+01,3.192956092905505083e-02,1.153420238979956374e-04
5.960000000000000142e+01,3.196595542964763420e-02,1.123428881560489936e-04
5.979999999999999716e+01,3.200166052124842758e-02,1.094011676670764491e-04
6.000000000000000000e+01,3.203668189097243907e-02,1.065163217800620902e-04
6.020000000000000284e+01,3.207102534614447720e-02,1.036878080378316716e-04
6.039999999999999858e+01,3.210469681377096235e-02,1.009150813500575550e-04
6.060000000000000142e+01,3.213770233963400558e-02,9.819759328274207521e-05
6.079999999999999716e+01,3.217004808702446372e-02,9.553479145537473215e-05
6.100000000000000000e+01,3.220174033513045070e-02,9.292611903749192445e-05
6.120000000000000284e+01,3.223278547709850644e-02,9.037101433687631021e-05
6.139999999999999858e+01,3.226319001778432671e-02,8.786891047211631267e-05
6.160000000000000142e+01,3.229296057121034541e-02,8.541923512269938964e-05
6.179999999999999716e+01,3.232210385774718364e-02,8.302141035025195062e-05
6.200000000000000000e+01,3.235062670103632659e-02,8.067485248493432210e-05
6.220000000000000284e+01,3.237853602467098690e-02,7.837897207139900204e-05
6.239999999999999858e+01,3.240583884865216174e-02,7.613317386906793096e-05
6.260000000000000142e+01,3.243254228563677982e-02,7.393685690183660216e-05
6.279999999999999716e+01,3.245865353699450145e-02,7.178941455262591016e-05
6.300000000000000000e+01,3.248417988868963074e-02,6.969023469850400419e-05
6.320000000000000284e+01,3.250912870700432833e-02,6.763869988238858087e-05
6.339999999999999858e+01,3.253350743411893148e-02,6.563418751759548826e-05
6.360000000000000142e+01,3.255732358356498712e-02,6.367607012175512777e-05
6.379999999999999716e+01,3.258058473556618706e-02,6.176371557684734058e-05
6.400000000000000000e+01,3.260329853228207536e-02,5.989648741232225831e-05
6.420000000000000284e+01,3.262547267296894704e-02,5.807374510848287982e-05
6.440000000000000568e+01,3.264711490907205166e-02,5.629484441749193027e-05
6.459999999999999432e+01,3.266823303926264660e-02,5.455913769954800281e-05
6.479999999999999716e+01,3.268883490443320883e-02,5.286597427194080921e-05
6.500000000000000000e+01,3.270892838266343389e-02,5.121470076885770438e-05
6.520000000000000284e+01,3.272852138416935952e-02,4.960466150995578906e-05
6.540000000000000568e+01,3.274762184624743083e-02,4.803519887585656195e-05
6.559999999999999432e+01,3.276623772822481045e-02,4.650565368884666009e-05
6.579999999999999716e+01,3.278437700642680697e-02,4.501536559719549754e-05
6.600000000000000000e+01,3.280204766917173276e-02,4.356367346160908057e-05
6.620000000000000284e+01,3.281925771180314172e-02,4.214991574245212244e-05
6.640000000000000568e+01,3.283601513176876568e-02,4.077343088646885686e-05
6.659999999999999432e+01,3.285232792375498284e-02,3.943355771183201179e-05
6.679999999999999716e+01,3.286820407488538071e-02,3.812963579043422338e-05
6.700000000000000000e+01,3.288365155999110195e-02,3.686100582642797495e-05
6.720000000000000284e+01,3.289867833696059202e-02,3.562701003009253640e-05
6.740000000000000568e+01,3.291329234217552080e-02,3.442699248618879274e-05
6.759999999999999432e+01,3.292750148603947741e-02,3.326029951603032145e-05
6.779999999999999716e+01,3.294131364860537758e-02,3.212628003256602107e-05
6.800000000000000000e+01,3.295473667530710721e-02,3.102428588783788472e-05
6.820000000000000284e+01,3.296777837280048806e-02,2.995367221223215948e-05
6.840000000000000568e+01,3.298044650491829821e-02,2.891379774500300677e-05
6.859999999999999432e+01,3.299274878874340622e-02,2.790402515560085455e-05
6.879999999999999716e+01,3.300469289080396745e-02,2.692372135538799265e-05
6.900000000000000000e+01,3.301628642339387437e-02,2.597225779937452773e-05
6.920000000000000284e+01,3.302753694102162491e-02,2.504901077765022636e-05
6.940000000000000568e+01,3.303845193699000288e-02,2.415336169623553766e-05
6.959999999999999432e+01,3.304903884010897130e-02,2.328469734711217663e-05
6.979999999999999716e+01,3.305930501154341616e-02,2.244241016723570617e-05
7.000000000000000000e+01,3.306925774179732269e-02,2.162589848636805331e-05
7.020000000000000284e+01,3.307890424783554301e-02,2.083456676360251507e-05
7.040000000000000568e+01,3.308825167034394610e-02,2.006782581248668098e-05
7.059999999999999432e+01,3.309730707112838732e-02,1.932509301468257062e-05
7.079999999999999716e+01,3.310607743065277497e-02,1.860579252212716039e-05
7.100000000000000000e+01,3.311456964571611594e-02,1.790935544769071456e-05
7.120000000000000284e+01,3.312279052726811723e-02,1.723522004435063695e-05
7.140000000000000568e+01,3.313074679836280900e-02,1.658283187292675258e-05
7.159999999999999432e+01,3.313844509224918994e-02,1.595164395844658148e-05
7.179999999999999716e+01,3.314589195059788884e-02,1.534111693522763553e-05
7.200000000000000000e+01,3.315309382186240605e-02,1.475071918078898555e-05
7.220000000000000284e+01,3.316005705977342899e-02,1.417992693871887057e-05
7.240000000000000568e+01,3.316678792196448705e-02,1.362822443064453714e-05
7.259999999999999432e+01,3.317329256872696835e-02,1.309510395746697270e-05
7.279999999999999716e+01,3.317957706189236106e-02,1.258006599003758172e-05
7.300000000000000000e+01,3.318564736383956826e-02,1.208261924946828131e-05
7.320000000000000284e+01,3.319150933662476377e-02,1.160228077727856363e-05
7.340000000000000568e+01,3.319716874123126299e-02,1.113857599559549277e-05
7.359999999999999432e+01,3.320263123693674434e-02,1.069103875763362436e-05
7.379999999999999716e+01,3.320790238079500412e-02,1.025921138868905895e-05
7.400000000000000000e+01,3.321298762722937892e-02,9.842644717894783485e-06
7.420000000000000284e+01,3.321789232773481731e-02,9.440898100986826408e-06
7.440000000000000568e+01,3.322262173068547819e-02,9.053539434342382062e-06
7.459999999999999432e+01,3.322718098124485125e-02,8.680145160553885472e-06
7.479999999999999716e+01,3.323157512137498576e-02,8.320300265809554485e-06
7.500000000000000000e+01,3.323580908994177435e-02,7.973598269354068829e-06
7.520000000000000284e+01,3.323988772291282257e-02,7.639641205308308935e-06
7.540000000000000568e+01,3.324381575364464964e-02,7.318039597127201084e-06
7.559999999999999432e+01,3.324759781325579283e-02,7.008412424979730677e-06
7.579999999999999716e+01,3.325123843108247074e-02,6.710387086334247785e-06
7.600000000000000000e+01,3.325474203521340544e-02,6.423599350033679061e-06
7.620000000000000284e+01,3.325811295310034110e-02,6.147693304145979228e-06
7.640000000000000568e+01,3.326135541224090747e-02,5.882321297873424013e-06
7.659999999999999432e+01,3.326447354093042125e-02,5.627143877804771625e-06
7.679999999999999716e+01,3.326747136907923924e-02,5.381829718790910549e-06
7.700000000000000000e+01,3.327035282909233949e-02,5.146055549725070538e-06
7.720000000000000284e+01,3.327312175680772338e-02,4.919506074502819811e-06
7.740000000000000568e+01,3.327578189249046081e-02,4.701873888437979532e-06
7.759999999999999432e+01,3.327833688187899902e-02,4.492859390403742565e-06
7.779999999999999716e+01,3.328079027728064049e-02,4.292170690966648764e-06
7.800000000000000000e+01,3.328314553871290077e-02,4.099523516776072399e-06
7.820000000000000284e+01,3.328540603508772788e-02,3.914641111467942842e-06
7.840000000000000568e+01,3.328757504543549545e-02,3.737254133336150684e-06
7.859999999999999432e+01,3.328965576016571642e-02,3.567100550020199826e-06
7.879999999999999716e+01,3.329165128236163257e-02,3.403925530453139121e-06
7.900000000000000000e+01,3.329356462910571662e-02,3.247481334306560793e-06
7.920000000000000284e+01,3.329539873283329787e-02,3.097527199165961363e-06
7.940000000000000568e+01,3.329715644271165342e-02,2.953829225661441274e-06
7.959999999999999432e+01,3.329884052604175498e-02,2.816160260775736149e-06
7.979999999999999716e+01,3.330045366968023557e-02,2.684299779540498514e-06
8.000000000000000000e+01,3.330199848147888386e-02,2.558033765332412034e-06
8.020000000000000284e+01,3.330347749173944577e-02,2.437154588965808727e-06
8.040000000000000568e+01,3.330489315468111028e-02,2.321460886780330288e-06
8.059999999999999432e+01,3.330624784991864651e-02,2.210757437908703879e-06
8.079999999999999716e+01,3.330754388394881887e-02,2.104855040907332293e-06
8.100000000000000000e+01,3.330878349164299868e-02,2.003570389923743873e-06
8.120000000000000284e+01,3.330996883774397371e-02,1.906725950569448393e-06
8.140000000000000568e+01,3.331110201836492979e-02,1.814149835657918402e-06
8.159999999999999432e+01,3.331218506248878608e-02,1.725675680963556442e-06
8.179999999999999716e+01,3.331321993346601090e-02,1.641142521148203902e-06
8.200000000000000000e+01,3.331420853050921782e-02,1.560394665997624334e-06
8.220000000000000284e+01,3.331515269018298087e-02,1.483281577100387203e-06
8.240000000000000568e+01,3.331605418788715495e-02,1.409657745098812704e-06
8.259999999999999432e+01,3.331691473933236225e-02,1.339382567632668616e-06
8.279999999999999716e+01,3.331773600200611113e-02,1.272320228090315927e-06
8.300000000000000000e+01,3.331851957662831237e-02,1.208339575276692444e-06
8.320000000000000284e+01,3.331926700859488832e-02,1.147314004099709318e-06
8.340000000000000568e+01,3.331997978940830218e-02,1.089121337372443226e-06
8.359999999999999432e+01,3.332065935809386259e-02,1.033643708820257906e-06
8.379999999999999716e+01,3.332130710260085282e-02,9.807674473785828221e-07
8.400000000000000000e+01,3.332192436118738138e-02,9.303829628591219553e-07
8.420000000000000284e+01,3.332251242378819062e-02,8.823846330580674588e-07
8.440000000000000568e+01,3.332307253336447977e-02,8.366706923739167216e-07
8.459999999999999432e+01,3.332360588723503464e-02,7.931431219966158019e-07
8.479999999999999716e+01,3.332411363838789359e-02,7.517075417262841385e-07
8.500000000000000000e+01,3.332459689677202963e-02,7.122731034724306060e-07
8.520000000000000284e+01,3.332505673056825740e-02,6.747523864811493926e-07
8.540000000000000568e+01,3.332549416743907367e-02,6.390612943331048537e-07
8.559999999999999432e+01,3.332591019575671665e-02,6.051189537497600759e-07
8.579999999999999716e+01,3.332630576580923598e-02,5.728476152409102274e-07
8.600000000000000000e+01,3.332668179098408068e-02,5.421725556234779180e-07
8.620000000000000284e+01,3.332703914892888586e-02,5.130219824357030680e-07
8.640000000000000568e+01,3.332737868268929871e-02,4.853269402688464934e-07
8.659999999999999432e+01,3.332770120182344115e-02,4.590212190320382983e-07
8.679999999999999716e+01,3.332800748349305092e-02,4.340412641657544151e-07
8.700000000000000000e+01,3.332829827353094021e-02,4.103260888123612344e-07
8.720000000000000284e+01,3.332857428748483425e-02,3.878171879523071794e-07
8.740000000000000568e+01,3.332883621163747895e-02,3.664584545079553525e-07
8.759999999999999432e+01,3.332908470400299666e-02,3.461960974165804845e-07
8.779999999999999716e+01,3.332932039529951096e-02,3.269785616699044365e-07
8.800000000000000000e+01,3.332954388989806810e-02,3.087564503160123291e-07
8.820000000000000284e+01,3.332975576674796631e-02,2.914824484155412345e-07
8.840000000000000568e+01,3.332995658027860381e-02,2.751112489412710873e-07
8.859999999999999432e+01,3.333014686127792892e-02,2.595994806113793170e-07
8.879999999999999716e+01,3.333032711774776280e-02,2.449056376397949443e-07
8.900000000000000000e+01,3.333049783573602265e-02,2.309900113878149540e-07
8.920000000000000284e+01,3.333065948014626162e-02,2.178146238994194246e-07
8.940000000000000568e+01,3.333081249552455327e-02,2.053431633000895029e-07
8.959999999999999432e+01,3.333095730682412300e-02,1.935409210368553337e-07
8.979999999999999716e+01,3.333109432014793455e-02,1.823747309372795599e-07
9.000000000000000000e+01,3.333122392346955093e-02,1.718129100623409060e-07
9.020000000000000284e+01,3.333134648733249161e-02,1.618252013287065896e-07
9.040000000000000568e+01,3.333146236552855801e-02,1.523827178710671377e-07
9.059999999999999432e+01,3.333157189575530061e-02,1.434578891193094950e-07
9.079999999999999716e+01,3.333167540025309267e-02,1.350244085601782016e-07
9.100000000000000000e+01,3.333177318642208120e-02,1.270571831537975188e-07
9.120000000000000284e+01,3.333186554741941060e-02,1.195322843751874330e-07
9.140000000000000568e+01,3.333195276273714924e-02,1.124269008486415548e-07
9.159999999999999432e+01,3.333203509876116188e-02,1.057192925450717324e-07
9.179999999999999716e+01,3.333211280931146908e-02,9.938874650762727796e-08
9.200000000000000000e+01,3.333218613616436427e-02,9.341553407557227743e-08
9.220000000000000284e+01,3.333225530955673949e-02,8.778086957191735896e-08
9.240000000000000568e+01,3.333232054867305005e-02,8.246687042210061649e-08
9.259999999999999432e+01,3.333238206211520949e-02,7.745651867066206802e-08
9.279999999999999716e+01,3.333244004835594215e-02,7.273362386226169001e-08
9.300000000000000000e+01,3.333249469617591276e-02,6.828278725322072290e-08
9.320000000000000284e+01,3.333254618508509071e-02,6.408936732099768733e-08
9.340000000000000568e+01,3.333259468572869616e-02,6.013944653732193771e-08
9.359999999999999432e+01,3.333264036027819288e-02,5.641979937195705246e-08
9.379999999999999716e+01,3.333268336280766769e-02,5.291786149416744193e-08
9.400000000000000000e+01,3.333272383965604768e-02,4.962170013836947873e-08
9.420000000000000284e+01,3.333276192977552288e-02,4.651998560288890947e-08
9.440000000000000568e+01,3.333279776506655606e-02,4.360196384632614497e-08
9.459999999999999432e+01,3.333283147069988211e-02,4.085743015331155188e-08
9.479999999999999716e+01,3.333286316542592026e-02,3.827670383492770214e-08
9.500000000000000000e+01,3.333289296187186973e-02,3.585060393393260211e-08
9.520000000000000284e+01,3.333292096682698852e-02,3.357042590348560405e-08
9.540000000000000568e+01,3.333294728151635355e-02,3.142791922939054372e-08
9.559999999999999432e+01,3.333297200186347009e-02,2.941526596510680310e-08
9.579999999999999716e+01,3.333299521874209109e-02,2.752506015082380749e-08
9.600000000000000000e+01,3.333301701821763524e-02,2.575028808729369828e-08
9.620000000000000284e+01,3.333303748177848802e-02,2.408430943631202964e-08
9.640000000000000568e+01,3.333305668655756754e-02,2.252083911905244141e-08
9.659999999999999432e+01,3.333307470554446039e-02,2.105392998649211610e-08
9.679999999999999716e+01,3.333309160778849534e-02,1.967795623415077877e-08
9.700000000000000000e+01,3.333310745859299762e-02,1.838759753445838690e-08
9.720000000000000284e+01,3.333312231970113337e-02,1.717782386314115134e-08
9.740000000000000568e+01,3.333313624947353143e-02,1.604388099246667398e-08
9.759999999999999432e+01,3.333314930305811274e-02,1.498127662829495604e-08
9.779999999999999716e+01,3.333316153255228703e-02,1.398576716716691570e-08
9.800000000000000000e+01,3.333317298715788440e-02,1.305334504929298173e-08
9.820000000000000284e+01,3.333318371332907870e-02,1.218022668576489996e-08
9.840000000000000568e+01,3.333319375491353848e-02,1.136284093822253990e-08
9.859999999999999432e+01,3.333320315328708316e-02,1.059781812877687890e-08
9.879999999999999716e+01,3.333321194748216365e-02,9.881979559837020123e-09
9.900000000000000000e+01,3.333322017431025047e-02,9.212327523865289155e-09
9.920000000000000284e+01,3.333322786847855990e-02,8.586035783544568265e-09
9.940000000000000568e+01,3.333323506270122888e-02,8.000440502859416436e-09
9.959999999999999432e+01,3.333324178780515401e-02,7.453031611164957121e-09
9.979999999999999716e+01,3.333324807283082059e-02,6.941444582342341094e-09
1.000000000000000000e+02,3.333325394512820505e-02,6.463452611983828807e-09
1.002000000000000028e+02,3.333325943044804923e-02,6.016959175159505257e-09
1.004000000000000057e+02,3.333326455302861729e-02,5.599990949622429384e-09
1.005999999999999943e+02,3.333326933567826167e-02,5.210691088022846038e-09
1.007999999999999972e+02,3.333327379985380479e-02,4.847312824665659754e-09
1.010000000000000000e+02,3.333327796573505586e-02,4.508213401649991163e-09
1.012000000000000028e+02,3.333328185229554597e-02,4.191848301399927118e-09
1.014000000000000057e+02,3.333328547736975900e-02,3.896765770446425605e-09
1.015999999999999943e+02,3.333328885771684458e-02,3.621601622751669417e-09
1.017999999999999972e+02,3.333329200908113910e-02,3.365074309410341210e-09
1.020000000000000000e+02,3.333329494624953648e-02,3.125980243331888293e-09
1.022000000000000028e+02,3.333329768310588220e-02,2.903189365363323518e-09
1.024000000000000057e+02,3.333330023268256392e-02,2.695640943423319286e-09
1.025999999999999943e+02,3.333330260720934052e-02,2.502339591092608704e-09
1.027999999999999972e+02,3.333330481815967306e-02,2.322351497474403775e-09
1.030000000000000000e+02,3.333330687629446065e-02,2.154800857654902999e-09
1.032000000000000028e+02,3.333330879170361138e-02,1.998866492665034096e-09
1.034000000000000057e+02,3.333331057384526092e-02,1.853778652665555989e-09
1.035999999999999943e+02,3.333331223158288864e-02,1.718815992577995429e-09
1.037999999999999972e+02,3.333331377322044237e-02,1.593302712244882718e-09
1.040000000000000000e+02,3.333331520653556174e-02,1.476605852144698436e-09
1.042000000000000028e+02,3.333331653881092121e-02,1.368132739566407551e-09
1.044000000000000057e+02,3.333331777686387304e-02,1.267328574853924419e-09
1.045999999999999943e+02,3.333331892707443872e-02,1.173674151453447968e-09
1.047999999999999972e+02,3.333331999541174623e-02,1.086683705194348853e-09
1.050000000000000000e+02,3.333332098745897532e-02,1.005902882593678596e-09
1.052000000000000028e+02,3.333332190843686649e-02,9.309068249176331443e-10
1.054000000000000057e+02,3.333332276322596016e-02,8.612983614402607725e-10
1.055999999999999943e+02,3.333332355638749661e-02,7.967063043793206981e-10
1.057999999999999972e+02,3.333332429218315712e-02,7.367838437782055130e-10
1.060000000000000000e+02,3.333332497459366717e-02,6.812070334560932297e-10
1.062000000000000028e+02,3.333332560733628935e-02,6.296733654125186477e-10
1.064000000000000057e+02,3.333332619388134493e-02,5.819004270843282161e-10
1.065999999999999943e+02,3.333332673746772917e-02,5.376246377054758830e-10
1.067999999999999972e+02,3.333332724111751771e-02,4.966000583468727009e-10
1.070000000000000000e+02,3.333332770764974723e-02,4.585972732077350057e-10
1.072000000000000028e+02,3.333332813969331482e-02,4.234023371301451900e-10
1.074000000000000057e+02,3.333332853969915577e-02,3.908157855108672543e-10
1.075999999999999943e+02,3.333332890995167191e-02,3.606517044975277784e-10
1.077999999999999972e+02,3.333332925257947998e-02,3.327368567380432942e-10
1.080000000000000000e+02,3.333332956956548687e-02,3.069098602916656157e-10
1.082000000000000028e+02,3.333332986275636817e-02,2.830204178029826818e-10
1.084000000000000057e+02,3.333333013387148464e-02,2.609285922275818519e-10
1.085999999999999943e+02,3.333333038451120889e-02,2.405041281159858711e-10
1.087999999999999972e+02,3.333333061616475940e-02,2.216258135324306676e-10
1.090000000000000000e+02,3.333333083021756266e-02,2.041808830704617637e-10
1.092000000000000028e+02,3.333333102795812269e-02,1.880644564736465994e-10
1.094000000000000057e+02,3.333333121058449505e-02,1.731790141501701451e-10
1.095999999999999943e+02,3.333333137921033057e-02,1.594339040085556750e-10
1.097999999999999972e+02,3.333333153487054445e-02,1.467448809245068917e-10
1.100000000000000000e+02,3.333333167852663148e-02,1.350336744754503484e-10
1.102000000000000028e+02,3.333333181107162035e-02,1.242275844527782155e-10
1.104000000000000057e+02,3.333333193333475053e-02,1.142591029421850195e-10
1.105999999999999943e+02,3.333333204608578820e-02,1.050655594768442979e-10
1.107999999999999972e+02,3.333333215003914107e-02,9.658879041642927945e-11
1.110000000000000000e+02,3.333333224585764004e-02,8.877482902200289758e-11
1.112000000000000028e+02,3.333333233415608499e-02,8.157361587151850985e-11
1.114000000000000057e+02,3.333333241550460319e-02,7.493872830170491732e-11
1.115999999999999943e+02,3.333333249043174407e-02,6.882712756829704206e-11
1.117999999999999972e+02,3.333333255942735884e-02,6.319892300894676368e-11
1.120000000000000000e+02,3.333333262294534832e-02,5.801715132536620815e-11
1.122000000000000028e+02,3.333333268140616784e-02,5.324757087330473652e-11
1.124000000000000057e+02,3.333333273519917955e-02,4.885846975404953718e-11
1.125999999999999943e+02,3.333333278468488675e-02,4.482048667742875484e-11
1.127999999999999972e+02,3.333333283019695309e-02,4.110644384306260552e-11
1.130000000000000000e+02,3.333333287204412465e-02,3.769119120180802674e-11
1.132000000000000028e+02,3.333333291051204794e-02,3.455146150733222582e-11
1.134000000000000057e+02,3.333333294586486584e-02,3.166573478926462278e-11
1.135999999999999943e+02,3.333333297834683434e-02,2.901411251913331207e-11
1.137999999999999972e+02,3.333333300818371731e-02,2.657820042731408404e-11
1.140000000000000000e+02,3.333333303558415339e-02,2.434099904290831246e-11
1.142000000000000028e+02,3.333333306074089813e-02,2.228680217297788061e-11
1.144000000000000057e+02,3.333333308383196886e-02,2.040110233965711469e-11
1.145999999999999943e+02,3.333333310502176183e-02,1.867050287179325230e-11
1.147999999999999972e+02,3.333333312446203067e-02,1.708263594163107011e-11
1.150000000000000000e+02,3.333333314229282307e-02,1.562608683874919005e-11
1.152000000000000028e+02,3.333333315864335511e-02,1.429032293271035861e-11
1.154000000000000057e+02,3.333333317363281617e-02,1.306562837847376498e-11
1.155999999999999943e+02,3.333333318737111139e-02,1.194304300799872675e-11
1.157999999999999972e+02,3.333333319995958333e-02,1.091430566614456070e-11
1.160000000000000000e+02,3.333333321149160172e-02,9.971801828278103260e-12
1.162000000000000028e+02,3.333333322205323662e-02,9.108514661051840801e-12
1.164000000000000057e+02,3.333333323172375101e-02,8.317979892800688880e-12
1.165999999999999943e+02,3.333333324057614205e-02,7.594243903274092734e-12
1.167999999999999972e+02,3.333333324867763375e-02,6.931824696841687631e-12
1.170000000000000000e+02,3.333333325609008635e-02,6.325675999565284958e-12
1.172000000000000028e+02,3.333333326287043347e-02,5.771153795031967250e-12
1.174000000000000057e+02,3.333333326907104988e-02,5.263985338267752253e-12
1.175999999999999943e+02,3.333333327474009844e-02,4.800240558550938047e-12
1.177999999999999972e+02,3.333333327992187706e-02,4.376305362655682528e-12
1.180000000000000000e+02,3.333333328465709622e-02,3.988857477450641498e-12
1.182000000000000028e+02,3.333333328898317044e-02,3.634843221125514418e-12
1.184000000000000057e+02,3.333333329293448194e-02,3.311456898833172016e-12
1.185999999999999943e+02,3.333333329654260269e-02,3.016121114019943681e-12
1.187999999999999972e+02,3.333333329983653032e-02,2.746468799391199333e-12
1.190000000000000000e+02,3.333333330284288243e-02,2.500326871110058692e-12
1.192000000000000028e+02,3.333333330558608393e-02,2.275700463842623945e-12
1.194000000000000057e+02,3.333333330808855438e-02,2.070759280476780142e-12
1.195999999999999943e+02,3.333333331037086067e-02,1.883823919837993310e-12
1.197999999999999972e+02,3.333333331245185577e-02,1.713354267271572180e-12
1.200000000000000000e+02,3.333333331434882446e-02,1.557938039318235480e-12
1.202000000000000028e+02,3.333333331607761518e-02,1.416280700175356332e-12
1.204000000000000057e+02,3.333333331765275798e-02,1.287195883708428494e-12
1.205999999999999943e+02,3.333333331908754082e-02,1.169596514933516481e-12
1.207999999999999972e+02,3.333333332039415536e-02,1.062486938191471393e-12
1.210000000000000000e+02,3.333333332158375933e-02,9.649554014318023139e-13
1.212000000000000028e+02,3.333333332266656679e-02,8.761670897756034774e-13
1.214000000000000057e+02,3.333333332365191054e-02,7.953581698144789684e-13
1.215999999999999943e+02,3.333333332454835318e-02,7.218294177357272611e-13
1.217999999999999972e+02,3.333333332536371485e-02,6.549414526689078018e-13
1.220000000000000000e+02,3.333333332610513566e-02,5.941094409719679964e-13
1.222000000000000028e+02,3.333333332677915900e-02,5.387985734104322722e-13
1.224000000000000057e+02,3.333333332739176619e-02,4.885200577532315857e-13
1.225999999999999943e+02,3.333333332794841120e-02,4.428273439189248049e-13
1.227999999999999972e+02,3.333333332845408309e-02,4.013122786797333862e-13
1.230000000000000000e+02,3.333333332891333378e-02,3.636021238897693299e-13
1.232000000000000028e+02,3.333333332933032661e-02,3.293565674834161998e-13
1.234000000000000057e+02,3.333333332970885021e-02,2.982649632004908340e-13
1.235999999999999943e+02,3.333333333005237403e-02,2.700437236783109940e-13
1.237999999999999972e+02,3.333333333036404833e-02,2.444341997471765681e-13
1.240000000000000000e+02,3.333333333064677356e-02,2.212002917122331893e-13
1.242000000000000028e+02,3.333333333090315875e-02,2.001268089355857223e-13
1.244000000000000057e+02,3.333333333113560476e-02,1.810176307470617081e-13
1.245999999999999943e+02,3.333333333134629733e-02,1.636938237326837668e-13
1.247999999999999972e+02,3.333333333153722794e-02,1.479924723330145567e-13
1.250000000000000000e+02,3.333333333171020069e-02,1.337651311752718613e-13
1.252000000000000028e+02,3.333333333186687397e-02,1.208765365357590147e-13
1.254000000000000057e+02,3.333333333200873966e-02,1.092036322282635360e-13
1.255999999999999943e+02,3.333333333213717165e-02,9.863425680343698067e-14
1.257999999999999972e+02,3.333333333225341200e-02,8.906647632668973881e-14
1.260000000000000000e+02,3.333333333235859175e-02,8.040751584239677462e-14
1.262000000000000028e+02,3.333333333245373786e-02,7.257299537539580441e-14
1.264000000000000057e+02,3.333333333253979402e-02,6.548609343234824177e-14
1.265999999999999943e+02,3.333333333261759984e-02,5.907705120125616945e-14
1.267999999999999972e+02,3.333333333268793247e-02,5.328250757898251552e-14
1.270000000000000000e+02,3.333333333275149274e-02,4.804472971224717922e-14
1.272000000000000028e+02,3.333333333280891903e-02,4.331148183225373808e-14
1.274000000000000057e+02,3.333333333286079420e-02,3.903515631070501417e-14
1.275999999999999943e+02,3.333333333290763867e-02,3.517259235095313196e-14
1.277999999999999972e+02,3.333333333294993817e-02,3.168462028646461894e-14
1.280000000000000000e+02,3.333333333298810902e-02,2.853573096004178691e-14
1.281999999999999886e+02,3.333333333302256063e-02,2.569359419260237038e-14
1.284000000000000057e+02,3.333333333305363994e-02,2.312899553184842826e-14
1.285999999999999943e+02,3.333333333308167307e-02,2.081532854885564368e-14
1.288000000000000114e+02,3.333333333310695146e-02,1.872867893358288855e-14
1.290000000000000000e+02,3.333333333312973878e-02,1.684711649544046655e-14
1.291999999999999886e+02,3.333333333315027097e-02,1.515095039115989505e-14
1.294000000000000057e+02,3.333333333316878394e-02,1.362221732311085365e-14
1.295999999999999943e+02,3.333333333318545116e-02,1.224488853373501690e-14
1.298000000000000114e+02,3.333333333320046693e-02,1.100415510782809417e-14
1.300000000000000000e+02,3.333333333321398390e-02,9.886708047906186878e-15
1.301999999999999886e+02,3.333333333322615472e-02,8.880645560385044253e-15
1.304000000000000057e+02,3.333333333323710429e-02,7.975006271637502551e-15
1.305999999999999943e+02,3.333333333324695752e-02,7.160022665530063499e-15
1.308000000000000114e+02,3.333333333325581849e-02,6.426825561629008379e-15
1.310000000000000000e+02,3.333333333326379128e-02,5.767250952081270475e-15
1.311999999999999886e+02,3.333333333327095221e-02,5.174195159395608329e-15
1.314000000000000057e+02,3.333333333327739845e-02,4.640961972811505021e-15
1.315999999999999943e+02,3.333333333328318548e-02,4.161650060123404744e-15
1.318000000000000114e+02,3.333333333328838272e-02,3.731002392917087372e-15
1.320000000000000000e+02,3.333333333329305259e-02,3.344080436112641783e-15
1.321999999999999886e+02,3.333333333329725062e-02,2.996548456886749424e-15
1.324000000000000057e+02,3.333333333330101150e-02,2.684520681770621141e-15
1.325999999999999943e+02,3.333333333330439074e-02,2.404416228430727697e-15
1.328000000000000114e+02,3.333333333330742304e-02,2.153009003866786356e-15
1.330000000000000000e+02,3.333333333331014309e-02,1.927358429571192677e-15
1.331999999999999886e+02,3.333333333331258558e-02,1.725059806792937567e-15
1.334000000000000057e+02,3.333333333331477133e-02,1.543536334889288402e-15
1.335999999999999943e+02,3.333333333331672810e-02,1.380781323474719773e-15
1.338000000000000114e+02,3.333333333331849058e-02,1.234975170849849403e-15
1.340000000000000000e+02,3.333333333332005877e-02,1.104208965178198589e-15
1.341999999999999886e+02,3.333333333332147430e-02,9.870719825621941110e-16
1.344000000000000057e+02,3.333333333332273718e-02,8.821624548207763960e-16
1.345999999999999943e+02,3.333333333332386822e-02,7.881977525966744887e-16
1.348000000000000114e+02,3.333333333332487436e-02,7.041194034042830887e-16
1.350000000000000000e+02,3.333333333332578335e-02,6.288298146301897366e-16
1.351999999999999886e+02,3.333333333332659520e-02,5.614284227814006100e-16
1.354000000000000057e+02,3.333333333332731685e-02,5.011361234757955011e-16
1.355999999999999943e+02,3.333333333332796217e-02,4.472192286132294049e-16
1.358000000000000114e+02,3.333333333332854503e-02,3.990379960294820075e-16
1.360000000000000000e+02,3.333333333332905851e-02,3.559785524515672264e-16
1.361999999999999886e+02,3.333333333332952342e-02,3.173876493315371122e-16
1.364000000000000057e+02,3.333333333332993975e-02,2.829740320082050358e-16
1.365999999999999943e+02,3.333333333333030751e-02,2.522053874915623460e-16
1.368000000000000114e+02,3.333333333333063364e-02,2.247588052185053949e-16
1.370000000000000000e+02,3.333333333333093201e-02,2.002237232697269338e-16
1.371999999999999886e+02,3.333333333333119569e-02,1.783710986247213218e-16
1.374000000000000057e+02,3.333333333333142467e-02,1.588647816557142784e-16
1.375999999999999943e+02,3.333333333333163284e-02,1.414154255480080371e-16
1.378000000000000114e+02,3.333333333333182019e-02,1.258390993933023413e-16
1.380000000000000000e+02,3.333333333333198673e-02,1.119700127035238661e-16
1.381999999999999886e+02,3.333333333333213244e-02,9.967097283005411282e-17
1.384000000000000057e+02,3.333333333333227122e-02,8.861956539014575734e-17
1.385999999999999943e+02,3.333333333333238224e-02,7.880275371668554435e-17
1.388000000000000114e+02,3.333333333333249326e-02,7.008169373924667963e-17
1.390000000000000000e+02,3.333333333333258347e-02,6.230547677158868901e-17
1.391999999999999886e+02,3.333333333333266674e-02,5.530421295446603352e-17
1.394000000000000057e+02,3.333333333333274306e-02,4.911136063227632342e-17
1.395999999999999943e+02,3.333333333333280551e-02,4.363438124663749866e-17
1.398000000000000114e+02,3.333333333333286103e-02,3.875042539624748741e-17
1.400000000000000000e+02,3.333333333333291654e-02,3.438398168102347445e-17
1.401999999999999886e+02,3.333333333333296511e-02,3.051975649894473253e-17
1.404000000000000057e+02,3.333333333333300674e-02,2.708174889837673385e-17
1.405999999999999943e+02,3.333333333333304144e-02,2.399342890335496517e-17
1.408000000000000114e+02,3.333333333333306919e-02,2.131751892908802902e-17
1.410000000000000000e+02,3.333333333333310389e-02,1.889894863845569750e-17
1.411999999999999886e+02,3.333333333333312470e-02,1.673886573972649391e-17
1.414000000000000057e+02,3.333333333333315246e-02,1.483836068348543618e-17
1.415999999999999943e+02,3.333333333333316634e-02,1.318187359544391786e-17
1.418000000000000114e+02,3.333333333333318715e-02,1.166061927336391494e-17
1.420000000000000000e+02,3.333333333333320103e-02,1.030652498533151967e-17
1.421999999999999886e+02,3.333333333333321491e-02,9.120357136045853760e-18
1.424000000000000057e+02,3.333333333333322879e-02,8.102863065304852984e-18
1.425999999999999943e+02,3.333333333333324267e-02,7.175546747010195570e-18
1.428000000000000114e+02,3.333333333333324960e-02,6.291542294259897525e-18
1.430000000000000000e+02,3.333333333333325654e-02,5.609274259231862500e-18
1.431999999999999886e+02,3.333333333333327042e-02,4.939478125145738081e-18
1.434000000000000057e+02,3.333333333333327736e-02,4.345804540539592481e-18
1.435999999999999943e+02,3.333333333333327736e-02,3.876255758738084718e-18
1.438000000000000114e+02,3.333333333333328430e-02,3.451976773307014460e-18
1.440000000000000000e+02,3.333333333333329124e-02,2.993044494107700941e-18
1.441999999999999886e+02,3.333333333333329124e-02,2.659353181385500907e-18
1.444000000000000057e+02,3.333333333333329818e-02,2.356104144616600503e-18
1.445999999999999943e+02,3.333333333333329818e-02,2.066338316227274765e-18
1.448000000000000114e+02,3.333333333333330512e-02,1.854862503434134021e-18
1.450000000000000000e+02,3.333333333333330512e-02,1.642349265364942321e-18
1.451999999999999886e+02,3.333333333333331205e-02,1.428971159136124598e-18
1.454000000000000057e+02,3.333333333333331205e-02,1.261640281308023571e-18
1.455999999999999943e+02,3.333333333333331205e-02,1.093555821546793027e-18
1.458000000000000114e+02,3.333333333333331205e-02,1.005737943450870112e-18
1.460000000000000000e+02,3.333333333333331899e-02,8.825444662646437686e-19
1.461999999999999886e+02,3.333333333333331899e-02,7.597196481851449338e-19
1.464000000000000057e+02,3.333333333333331899e-02,6.697542442505537741e-19
1.465999999999999943e+02,3.333333333333331899e-02,6.274573022239953560e-19
1.468000000000000114e+02,3.333333333333331899e-02,4.712423825553137421e-19
1.470000000000000000e+02,3.333333333333331899e-02,4.247804671156700494e-19
1.471999999999999886e+02,3.333333333333331899e-02,3.789191025284905994e-19
1.474000000000000057e+02,3.333333333333331899e-02,3.340607164306502657e-19
1.475999999999999943e+02,3.333333333333331899e-02,3.357894480202365918e-19
1.478000000000000114e+02,3.333333333333332593e-02,2.923359960329311997e-19
1.480000000000000000e+02,3.333333333333332593e-02,2.118761587252793302e-19
1.481999999999999886e+02,3.333333333333332593e-02,2.130581570244427290e-19
1.484000000000000057e+02,3.333333333333332593e-02,1.666443738737427192e-19
1.485999999999999943e+02,3.333333333333332593e-02,1.675632149215013523e-19
1.488000000000000114e+02,3.333333333333332593e-02,1.683723510634729515e-19
1.490000000000000000e+02,3.333333333333332593e-02,9.992223072851322473e-20
1.491999999999999886e+02,3.333333333333332593e-02,1.261202318241307430e-19
1.494000000000000057e+02,3.333333333333332593e-02,1.266574659641301585e-19
1.495999999999999943e+02,3.333333333333332593e-02,1.271303021708500323e-19
1.498000000000000114e+02,3.333333333333332593e-02,4.953871882308750898e-20
1.500000000000000000e+02,3.333333333333332593e-02,4.987057283108148485e-20
1.501999999999999886e+02,3.333333333333332593e-02,5.016260521607278286e-20
1.504000000000000057e+02,3.333333333333332593e-02,5.041947198220976089e-20
1.505999999999999943e+02,3.333333333333332593e-02,5.064530749296813468e-20
1.508000000000000114e+02,3.333333333333332593e-02,9.448188669995684482e-20
1.510000000000000000e+02,3.333333333333332593e-02,9.464690830536597249e-20
1.511999999999999886e+02,3.333333333333332593e-02,9.479200082586197857e-20
1.514000000000000057e+02,3.333333333333332593e-02,1.070260464870054947e-21
1.515999999999999943e+02,3.333333333333332593e-02,9.373210484023815501e-22
1.518000000000000114e+02,3.333333333333332593e-02,8.206940629940719486e-22
1.520000000000000000e+02,3.333333333333332593e-02,7.184031775758201984e-22
1.521999999999999886e+02,3.333333333333332593e-02,6.287083432595124262e-22
1.524000000000000057e+02,3.333333333333332593e-02,5.500779345559074671e-22
1.525999999999999943e+02,3.333333333333332593e-02,4.811641276781719555e-22
1.528000000000000114e+02,3.333333333333332593e-02,4.207811455282711487e-22
1.530000000000000000e+02,3.333333333333332593e-02,3.678860406642716566e-22
1.531999999999999886e+02,3.333333333333332593e-02,3.215617246333286851e-22
1.534000000000000057e+02,3.333333333333332593e-02,2.810019850282661773e-22
1.535999999999999943e+02,3.333333333333332593e-02,2.454982609333558260e-22
1.538000000000000114e+02,3.333333333333332593e-02,2.144279734671642185e-22
1.540000000000000000e+02,3.333333333333332593e-02,1.872442312649784308e-22
1.541999999999999886e+02,3.333333333333332593e-02,1.634667512885155537e-22
1.544000000000000057e+02,3.333333333333332593e-02,1.426738535919388091e-22
1.545999999999999943e+02,3.333333333333332593e-02,1.244954048635995235e-22
1.548000000000000114e+02,3.333333333333332593e-02,1.086065999297748998e-22
1.550000000000000000e+02,3.333333333333332593e-02,9.472248315119726748e-23
1.551999999999999886e+02,3.333333333333332593e-02,8.259312294575324618e-23
1.554000000000000057e+02,3.333333333333332593e-02,7.199936269162853285e-23
1.555999999999999943e+02,3.333333333333332593e-02,6.274908014718179826e-23
1.558000000000000114e+02,3.333333333333332593e-02,5.467389539432918714e-23
1.560000000000000000e+02,3.333333333333332593e-02,4.762627428431497429e-23
1.561999999999999886e+02,3.333333333333332593e-02,4.147698053939606519e-23
1.564000000000000057e+02,3.333333333333332593e-02,3.611283513077476693e-23
1.565999999999999943e+02,3.333333333333332593e-02,3.143474639192311528e-23
1.568000000000000114e+02,3.333333333333332593e-02,2.735597860818261471e-23
1.570000000000000000e+02,3.333333333333332593e-02,2.380063061130070083e-23
1.571999999999999886e+02,3.333333333333332593e-02,2.070229925740418571e-23
1.574000000000000057e+02,3.333333333333332593e-02,1.800290562864460262e-23
1.575999999999999943e+02,3.333333333333332593e-02,1.565166441662561269e-23
1.578000000000000114e+02,3.333333333333332593e-02,1.360417925897940023e-23
1.580000000000000000e+02,3.333333333333332593e-02,1.182164884404770736e-23
1.581999999999999886e+02,3.333333333333332593e-02,1.027017040339984896e-23
1.584000000000000057e+02,3.333333333333332593e-02,8.920128805414738371e-24
1.585999999999999943e+02,3.333333333333332593e-02,7.745660869682829760e-24
1.588000000000000114e+02,3.333333333333332593e-02,6.724185763136411527e-24
1.590000000000000000e+02,3.333333333333332593e-02,5.835993433764388556e-24
1.591999999999999886e+02,3.333333333333332593e-02,5.063884003423120952e-24
1.594000000000000057e+02,3.333333333333332593e-02,4.392851892694334410e-24
1.595999999999999943e+02,3.333333333333332593e-02,3.809809201234207999e-24
1.598000000000000114e+02,3.333333333333332593e-02,3.303343528402530082e-24
1.600000000000000000e+02,3.333333333333332593e-02,2.863506001596668641e-24
1.601999999999999886e+02,3.333333333333332593e-02,2.481625792841715990e-24
1.604000000000000057e+02,3.333333333333332593e-02,2.150147856004276496e-24
1.605999999999999943e+02,3.333333333333332593e-02,1.862491014695194378e-24
1.608000000000000114e+02,3.333333333333332593e-02,1.612923880903640433e-24
1.610000000000000000e+02,3.333333333333332593e-02,1.396456392304489952e-24
1.611999999999999886e+02,3.333333333333332593e-02,1.208745026975882030e-24
1.614000000000000057e+02,3.333333333333332593e-02,1.046009992376294566e-24
1.615999999999999943e+02,3.333333333333332593e-02,9.049628947318948412e-25
1.618000000000000114e+02,3.333333333333332593e-02,7.827435789224868323e-25
1.620000000000000000e+02,3.333333333333332593e-02,6.768649905517343444e-25
1.621999999999999886e+02,3.333333333333332593e-02,5.851650538187063871e-25
1.624000000000000057e+02,3.333333333333332593e-02,5.057646834365791440e-25
1.625999999999999943e+02,3.333333333333332593e-02,4.370311582444345732e-25
1.628000000000000114e+02,3.333333333333332593e-02,3.775461801681044418e-25
1.630000000000000000e+02,3.333333333333332593e-02,3.260780264206476696e-25
1.631999999999999886e+02,3.333333333333332593e-02,2.815572767144308338e-25
1.634000000000000057e+02,3.333333333333332593e-02,2.430556620434868903e-25
1.635999999999999943e+02,3.333333333333332593e-02,2.097676383867408084e-25
1.638000000000000114e+02,3.333333333333332593e-02,1.809943384560378890e-25
1.640000000000000000e+02,3.333333333333332593e-02,1.561295982213412156e-25
1.641999999999999886e+02,3.333333333333332593e-02,1.346477931426717259e-25
1.644000000000000057e+02,3.333333333333332593e-02,1.160932524869026502e-25
1.645999999999999943e+02,3.333333333333332593e-02,1.000710493892904467e-25
1.648000000000000114e+02,3.333333333333332593e-02,8.623898994708909836e-26
1.650000000000000000e+02,3.333333333333332593e-02,7.430064705555476789e-26
1.651999999999999886e+02,3.333333333333332593e-02,6.399930431030178385e-26
1.654000000000000057e+02,3.333333333333332593e-02,5.511269245200358466e-26
1.655999999999999943e+02,3.333333333333332593e-02,4.744841582422436593e-26
1.658000000000000114e+02,3.333333333333332593e-02,4.083997942088848550e-26
1.660000000000000000e+02,3.333333333333332593e-02,3.514333855119802797e-26
1.661999999999999886e+02,3.333333333333332593e-02,3.023390315283378161e-26
1.664000000000000057e+02,3.333333333333332593e-02,2.600393751992586077e-26
1.665999999999999943e+02,3.333333333333332593e-02,2.236030383892034321e-26
1.668000000000000114e+02,3.333333333333332593e-02,1.922250458219796599e-26
1.670000000000000000e+02,3.333333333333332593e-02,1.652098461781830826e-26
1.671999999999999886e+02,3.333333333333332593e-02,1.419565896079415556e-26
1.674000000000000057e+02,3.333333333333332593e-02,1.219463651032026484e-26
1.675999999999999943e+02,3.333333333333332593e-02,1.047311397018287511e-26
1.678000000000000114e+02,3.333333333333332593e-02,8.992417507828400380e-27
1.680000000000000000e+02,3.333333333333332593e-02,7.719172633948330912e-27
1.681999999999999886e+02,3.333333333333332593e-02,6.624585333784855781e-27
1.684000000000000057e+02,3.333333333333332593e-02,5.683819701672707562e-27
1.685999999999999943e+02,3.333333333333332593e-02,4.875459263528087618e-27
1.688000000000000114e+02,3.333333333333332593e-02,4.181040854763312424e-27
1.690000000000000000e+02,3.333333333333332593e-02,3.584651385489690443e-27
1.691999999999999886e+02,3.333333333333332593e-02,3.072579098855243305e-27
1.694000000000000057e+02,3.333333333333332593e-02,2.633012036422922000e-27
1.695999999999999943e+02,3.333333333333332593e-02,2.255777387961105582e-27
1.698000000000000114e+02,3.333333333333332593e-02,1.932116240546676570e-27
1.700000000000000000e+02,3.333333333333332593e-02,1.654488969729817092e-27
1.701999999999999886e+02,3.333333333333332593e-02,1.416407147872218543e-27
1.704000000000000057e+02,3.333333333333332593e-02,1.212288394028333749e-27
1.705999999999999943e+02,3.333333333333332593e-02,1.037331066682460381e-27
1.708000000000000114e+02,3.333333333333332593e-02,8.874061146918079674e-28
1.710000000000000000e+02,3.333333333333332593e-02,7.589637611212895158e-28
1.711999999999999886e+02,3.333333333333332593e-02,6.489530064266033823e-28
1.714000000000000057e+02,3.333333333333332593e-02,5.547522078771421529e-28
1.715999999999999943e+02,3.333333333333332593e-02,4.741092266228788232e-28
1.718000000000000114e+02,3.333333333333332593e-02,4.050898371178224857e-28
1.720000000000000000e+02,3.333333333333332593e-02,3.460332698225508751e-28
1.721999999999999886e+02,3.333333333333332593e-02,2.955139107880249357e-28
1.724000000000000057e+02,3.333333333333332593e-02,2.523083139814271318e-28
1.725999999999999943e+02,3.333333333333332593e-02,2.153667967512825081e-28
1.728000000000000114e+02,3.333333333333332593e-02,1.837889879914955616e-28
1.730000000000000000e+02,3.333333333333332593e-02,1.568027843942340941e-28
1.731999999999999886e+02,3.333333333333332593e-02,1.337462444500830912e-28
1.734000000000000057e+02,3.333333333333332593e-02,1.140520141030061359e-28
1.735999999999999943e+02,3.333333333333332593e-02,9.723393353245768629e-29
1.738000000000000114e+02,3.333333333333332593e-02,8.287552257726335419e-29
1.740000000000000000e+02,3.333333333333332593e-02,7.062008384293304992e-29
1.741999999999999886e+02,3.333333333333332593e-02,6.016219841911944010e-29
1.744000000000000057e+02,3.333333333333332593e-02,5.124042013624669088e-29
1.745999999999999943e+02,3.333333333333332593e-02,4.363100106607065347e-29
1.748000000000000114e+02,3.333333333333332593e-02,3.714250409086903342e-29
1.750000000000000000e+02,3.333333333333332593e-02,3.161117832355167144e-29
1.751999999999999886e+02,3.333333333333332593e-02,2.689699038408312652e-29
1.754000000000000057e+02,3.333333333333332593e-02,2.288021939724137458e-29
1.755999999999999943e+02,3.333333333333332593e-02,1.945853639341249113e-29
1.758000000000000114e+02,3.333333333333332593e-02,1.654449984602866176e-29
1.760000000000000000e+02,3.333333333333332593e-02,1.406340860675164836e-29
1.761999999999999886e+02,3.333333333333332593e-02,1.195146171058343355e-29
1.764000000000000057e+02,3.333333333333332593e-02,1.015418159790560248e-29
1.765999999999999943e+02,3.333333333333332593e-02,8.625063394445208374e-30
1.768000000000000114e+02,3.333333333333332593e-02,7.324418138047814508e-30
1.770000000000000000e+02,3.333333333333332593e-02,6.218382359097777073e-30
1.771999999999999886e+02,3.333333333333332593e-02,5.278070309971509214e-30
1.774000000000000057e+02,3.333333333333332593e-02,4.478848484849942680e-30
1.775999999999999943e+02,3.333333333333332593e-02,3.799714949461742543e-30
1.778000000000000114e+02,3.333333333333332593e-02,3.222768475628483097e-30
1.780000000000000000e+02,3.333333333333332593e-02,2.732754603657052812e-30
1.781999999999999886e+02,3.333333333333332593e-02,2.316677584871389000e-30
1.784000000000000057e+02,3.333333333333332593e-02,1.963468728467001333e-30
1.785999999999999943e+02,3.333333333333332593e-02,1.663703027248913154e-30
1.788000000000000114e+02,3.333333333333332593e-02,1.409357096586476688e-30
1.790000000000000000e+02,3.333333333333332593e-02,1.193602456726198231e-30
1.791999999999999886e+02,3.333333333333332593e-02,1.010629043396046487e-30
1.794000000000000057e+02,3.333333333333332593e-02,8.554945651885812673e-31
1.795999999999999943e+02,3.333333333333332593e-02,7.239959555512034952e-31
1.798000000000000114e+02,3.333333333333332593e-02,6.125597070029949624e-31
1.800000000000000000e+02,3.333333333333332593e-02,5.181483380569157795e-31
1.801999999999999886e+02,3.333333333333332593e-02,4.381806401122208278e-31
1.804000000000000057e+02,3.333333333333332593e-02,3.704636916375820955e-31
1.805999999999999943e+02,3.333333333333332593e-02,3.131349183222766146e-31
1.808000000000000114e+02,3.333333333333332593e-02,2.646127274400961374e-31
1.810000000000000000e+02,3.333333333333332593e-02,2.235544583846878862e-31
1.811999999999999886e+02,3.333333333333332593e-02,1.888205742979493419e-31
1.814000000000000057e+02,3.333333333333332593e-02,1.594441763083815751e-31
1.815999999999999943e+02,3.333333333333332593e-02,1.346050558878752855e-31
1.818000000000000114e+02,3.333333333333332593e-02,1.136076154557852230e-31
1.820000000000000000e+02,3.333333333333332593e-02,9.586208538282982724e-32
1.821999999999999886e+02,3.333333333333332593e-02,8.086854935492098462e-32
1.824000000000000057e+02,3.333333333333332593e-02,6.820336169167970120e-32
1.825999999999999943e+02,3.333333333333332593e-02,5.750760142745447152e-32
1.828000000000000114e+02,3.333333333333332593e-02,4.847726025678761598e-32
1.830000000000000000e+02,3.333333333333332593e-02,4.085490610899855485e-32
1.831999999999999886e+02,3.333333333333332593e-02,3.442260225135499623e-32
1.834000000000000057e+02,3.333333333333332593e-02,2.899589437281175070e-32
1.835999999999999943e+02,3.333333333333332593e-02,2.441870588022588644e-32
1.838000000000000114e+02,3.333333333333332593e-02,2.055900533968402058e-32
1.840000000000000000e+02,3.333333333333332593e-02,1.730513021090048489e-32
1.841999999999999886e+02,3.333333333333332593e-02,1.456266826034441628e-32
1.844000000000000057e+02,3.333333333333332593e-02,1.225181273370733379e-32
1.845999999999999943e+02,3.333333333333332593e-02,1.030511989219114761e-32
1.848000000000000114e+02,3.333333333333332593e-02,8.665608187835271623e-33
1.850000000000000000e+02,3.333333333333332593e-02,7.285147442556331158e-33
1.851999999999999886e+02,3.333333333333332593e-02,6.123094135948024451e-33
1.854000000000000057e+02,3.333333333333332593e-02,5.145135496735149158e-33
1.855999999999999943e+02,3.333333333333332593e-02,4.322310701596421664e-33
1.858000000000000114e+02,3.333333333333332593e-02,3.630182257639170949e-33
1.860000000000000000e+02,3.333333333333332593e-02,3.048134704769750341e-33
1.861999999999999886e+02,3.333333333333332593e-02,2.558781226992642311e-33
1.864000000000000057e+02,3.333333333333332593e-02,2.147461697368414687e-33
1.865999999999999943e+02,3.333333333333332593e-02,1.801818176708050521e-33
1.868000000000000114e+02,3.333333333333332593e-02,1.511436006586182951e-33
1.870000000000000000e+02,3.333333333333332593e-02,1.267540438754775866e-33
1.871999999999999886e+02,3.333333333333332593e-02,1.062740273099557358e-33
1.874000000000000057e+02,3.333333333333332593e-02,8.908112754831833619e-34
1.875999999999999943e+02,3.333333333333332593e-02,7.465132496818020753e-34
1.878000000000000114e+02,3.333333333333332593e-02,6.254355735836032071e-34
1.880000000000000000e+02,3.333333333333332593e-02,5.238668039217137708e-34
1.881999999999999886e+02,3.333333333333332593e-02,4.386846273805532533e-34
1.884000000000000057e+02,3.333333333333332593e-02,3.672630070959261346e-34
1.885999999999999943e+02,3.333333333333332593e-02,3.073938577932892698e-34
1.888000000000000114e+02,3.333333333333332593e-02,2.572209932112102282e-34
1.890000000000000000e+02,3.333333333333332593e-02,2.151844371981207824e-34
1.891999999999999886e+02,3.333333333333332593e-02,1.799734844396036195e-34
1.894000000000000057e+02,3.333333333333332593e-02,1.504871462368041008e-34
1.895999999999999943e+02,3.333333333333332593e-02,1.258008279637496877e-34
1.898000000000000114e+02,3.333333333333332593e-02,1.051382636023797808e-34
1.900000000000000000e+02,3.333333333333332593e-02,8.784788403136528231e-35
1.901999999999999886e+02,3.333333333333332593e-02,7.338292372134477262e-35
1.904000000000000057e+02,3.333333333333332593e-02,6.128467872708110528e-35
1.905999999999999943e+02,3.333333333333332593e-02,5.116842038534738680e-35
1.908000000000000114e+02,3.333333333333332593e-02,4.271154648902889704e-35
1.910000000000000000e+02,3.333333333333332593e-02,3.564361708556368946e-35
1.911999999999999886e+02,3.333333333333332593e-02,2.973797728297620141e-35
1.914000000000000057e+02,3.333333333333332593e-02,2.480471610105107164e-35
1.915999999999999943e+02,3.333333333333332593e-02,2.068474980099075361e-35
1.918000000000000114e+02,3.333333333333332593e-02,1.724485138484147096e-35
1.920000000000000000e+02,3.333333333333332593e-02,1.437347602504286208e-35
1.921999999999999886e+02,3.333333333333332593e-02,1.197725586779453603e-35
1.924000000000000057e+02,3.333333333333332593e-02,9.978057631734932128e-36
1.925999999999999943e+02,3.333333333333332593e-02,8.310513270924093171e-36
1.928000000000000114e+02,3.333333333333332593e-02,6.919948175085268301e-36
1.930000000000000000e+02,3.333333333333332593e-02,5.760643352201878554e-36
1.931999999999999886e+02,3.333333333333332593e-02,4.794378126806459204e-36
1.934000000000000057e+02,3.333333333333332593e-02,3.989208385953989275e-36
1.935999999999999943e+02,3.333333333333332593e-02,3.318442562458691411e-36
1.938000000000000114e+02,3.333333333333332593e-02,2.759783571559584124e-36
1.940000000000000000e+02,3.333333333333332593e-02,2.294609990145392658e-36
1.941999999999999886e+02,3.333333333333332593e-02,1.907374036774476721e-36
1.944000000000000057e+02,3.333333333333332593e-02,1.585097502426871165e-36
1.945999999999999943e+02,3.333333333333332593e-02,1.316949802898611387e-36
1.948000000000000114e+02,3.333333333333332593e-02,1.093894864033481964e-36
1.950000000000000000e+02,3.333333333333332593e-02,9.083956864984264137e-37
1.951999999999999886e+02,3.333333333333332593e-02,7.541672315738634286e-37
1.954000000000000057e+02,3.333333333333332593e-02,6.259697774316468106e-37
1.955999999999999943e+02,3.333333333333332593e-02,5.194361620849784598e-37
1.958000000000000114e+02,3.333333333333332593e-02,4.309273929568463447e-37
1.960000000000000000e+02,3.333333333333332593e-02,3.574119961015651365e-37
1.961999999999999886e+02,3.333333333333332593e-02,2.963652277163227316e-37
1.964000000000000057e+02,3.333333333333332593e-02,2.456848995861000253e-37
1.965999999999999943e+02,3.333333333333332593e-02,2.036210977761946897e-37
1.968000000000000114e+02,3.333333333333332593e-02,1.687175164339130294e-37
1.970000000000000000e+02,3.333333333333332593e-02,1.397624996183734726e-37
1.971999999999999886e+02,3.333333333333332593e-02,1.157481951118710228e-37
1.974000000000000057e+02,3.333333333333332593e-02,9.583648482015410731e-38
1.975999999999999943e+02,3.333333333333332593e-02,7.933057474396081257e-38
1.978000000000000114e+02,3.333333333333332593e-02,6.565131041171993608e-38
1.980000000000000000e+02,3.333333333333332593e-02,5.431743682274317134e-38
1.981999999999999886e+02,3.333333333333332593e-02,4.492915016659406490e-38
1.984000000000000057e+02,3.333333333333332593e-02,3.715439589170145223e-38
1.985999999999999943e+02,3.333333333333332593e-02,3.071745748087369168e-38
1.988000000000000114e+02,3.333333333333332593e-02,2.538945539484628155e-38
1.990000000000000000e+02,3.333333333333332593e-02,2.098043845169058574e-38
1.991999999999999886e+02,3.333333333333332593e-02,1.733280241923132220e-38
1.994000000000000057e+02,3.333333333333332593e-02,1.431581448656141064e-38
1.995999999999999943e+02,3.333333333333332593e-02,1.182105895481993035e-38
1.998000000000000114e+02,3.333333333333332593e-02,9.758650124648957598e-39
2.000000000000000000e+02,3.333333333333332593e-02,8.054083945235185773e-39
