2.000000000000000111e-01,1.767178672473960848e-04,5.427053429977978096e-05
4.000000000000000222e-01,1.767148790514022963e-04,5.426920471744773786e-05
5.999999999999999778e-01,1.767098910504306161e-04,5.426698549174814167e-05
8.000000000000000444e-01,1.767028917312069589e-04,5.426387173958873014e-05
1.000000000000000000e+00,1.766938649715825698e-04,5.425985662390877341e-05
1.199999999999999956e+00,1.766827900370482600e-04,5.425493135298049547e-05
1.399999999999999911e+00,1.766696415763696528e-04,5.424908517955807029e-05
1.600000000000000089e+00,1.766543896164281973e-04,5.424230539990941574e-05
1.800000000000000044e+00,1.766369995563729818e-04,5.423457735277348248e-05
2.000000000000000000e+00,1.766174321612065396e-04,5.422588441829346000e-05
2.200000000000000178e+00,1.765956435549465421e-04,5.421620801698351166e-05
2.399999999999999911e+00,1.765715852135228106e-04,5.420552760879416524e-05
2.600000000000000089e+00,1.765452039575856409e-04,5.419382069234788272e-05
2.799999999999999822e+00,1.765164419454189699e-04,5.418106280442436912e-05
3.000000000000000000e+00,1.764852366661686387e-04,5.416722751978022909e-05
3.200000000000000178e+00,1.764515209336125123e-04,5.415228645139521623e-05
3.399999999999999911e+00,1.764152228807100333e-04,5.413620925124337877e-05
3.600000000000000089e+00,1.763762659551920665e-04,5.411896361169176161e-05
3.799999999999999822e+00,1.763345689164538192e-04,5.410051526763742980e-05
4.000000000000000000e+00,1.762900458340393983e-04,5.408082799949590926e-05
4.200000000000000178e+00,1.762426060880084328e-04,5.405986363716150617e-05
4.400000000000000355e+00,1.761921543714922429e-04,5.403758206506258940e-05
4.599999999999999645e+00,1.761385906957564954e-04,5.401394122844015784e-05
4.799999999999999822e+00,1.760818103980942224e-04,5.398889714098110482e-05
5.000000000000000000e+00,1.760217041528867703e-04,5.396240389394108141e-05
5.200000000000000178e+00,1.759581579861701649e-04,5.393441366689456426e-05
5.400000000000000355e+00,1.758910532940589043e-04,5.390487674025213911e-05
5.599999999999999645e+00,1.758202668653764840e-04,5.387374150968645439e-05
5.799999999999999822e+00,1.757456709088525812e-04,5.384095450261036636e-05
6.000000000000000000e+00,1.756671330852427879e-04,5.380646039685100011e-05
6.200000000000000178e+00,1.755845165447353481e-04,5.377020204166316653e-05
6.400000000000000355e+00,1.754976799700014918e-04,5.373212048122702532e-05
6.599999999999999645e+00,1.754064776252505962e-04,5.369215498077190241e-05
6.799999999999999822e+00,1.753107594116455202e-04,5.365024305546794005e-05
7.000000000000000000e+00,1.752103709294287718e-04,5.360632050222479788e-05
7.200000000000000178e+00,1.751051535471067765e-04,5.356032143453392629e-05
7.400000000000000355e+00,1.749949444780275103e-04,5.351217832048734210e-05
7.599999999999999645e+00,1.748795768646841579e-04,5.346182202410232641e-05
7.799999999999999822e+00,1.747588798710596474e-04,5.340918185007648389e-05
8.000000000000000000e+00,1.746326787833204629e-04,5.335418559209203956e-05
8.199999999999999289e+00,1.745007951191520647e-04,5.329675958478314647e-05
8.400000000000000355e+00,1.743630467460110579e-04,5.323682875947259840e-05
8.599999999999999645e+00,1.742192480085567050e-04,5.317431670377734186e-05
8.800000000000000711e+00,1.740692098655006320e-04,5.310914572517439565e-05
9.000000000000000000e+00,1.739127400360981543e-04,5.304123691861025499e-05
9.199999999999999289e+00,1.737496431564778429e-04,5.297051023822731624e-05
9.400000000000000355e+00,1.735797209459873027e-04,5.289688457327159504e-05
9.599999999999999645e+00,1.734027723837054875e-04,5.282027782823505357e-05
9.800000000000000711e+00,1.732185938952461265e-04,5.274060700727524085e-05
1.000000000000000000e+01,1.730269795499479702e-04,5.265778830294326116e-05
1.019999999999999929e+01,1.728277212685207296e-04,5.257173718923860352e-05
1.040000000000000036e+01,1.726206090411832466e-04,5.248236851899705979e-05
1.059999999999999964e+01,1.724054311562982320e-04,5.238959662560489393e-05
1.080000000000000071e+01,1.721819744394751924e-04,5.229333542901784960e-05
1.100000000000000000e+01,1.719500245030805596e-04,5.219349854605098601e-05
1.119999999999999929e+01,1.717093660060560890e-04,5.208999940488891293e-05
1.140000000000000036e+01,1.714597829239120888e-04,5.198275136375295175e-05
1.159999999999999964e+01,1.712010588287250432e-04,5.187166783364531689e-05
1.180000000000000071e+01,1.709329771789299725e-04,5.175666240507493469e-05
1.200000000000000000e+01,1.706553216186611449e-04,5.163764897865476543e-05
1.219999999999999929e+01,1.703678762863548564e-04,5.151454189944326163e-05
1.240000000000000036e+01,1.700704261322893973e-04,5.138725609488727493e-05
1.259999999999999964e+01,1.697627572446959085e-04,5.125570721620748780e-05
1.280000000000000071e+01,1.694446571840373182e-04,5.111981178305110212e-05
1.300000000000000000e+01,1.691159153250097258e-04,5.097948733122000946e-05
1.319999999999999929e+01,1.687763232057837629e-04,5.083465256326764512e-05
1.340000000000000036e+01,1.684256748839623417e-04,5.068522750174037393e-05
1.359999999999999964e+01,1.680637672986940443e-04,5.053113364482450379e-05
1.380000000000000071e+01,1.676904006383420163e-04,5.037229412414465454e-05
1.400000000000000000e+01,1.673053787130744348e-04,5.020863386444278381e-05
1.419999999999999929e+01,1.669085093316997361e-04,5.004007974485480523e-05
1.440000000000000036e+01,1.664996046820440396e-04,4.986656076148449508e-05
1.459999999999999964e+01,1.660784817141264648e-04,4.968800819096352156e-05
1.480000000000000071e+01,1.656449625253585448e-04,4.950435575467178025e-05
1.500000000000000000e+01,1.651988747469671892e-04,4.931553978327926326e-05
1.519999999999999929e+01,1.647400519308045712e-04,4.912149938126110797e-05
1.540000000000000036e+01,1.642683339356884478e-04,4.892217659102410156e-05
1.559999999999999964e+01,1.637835673123860065e-04,4.871751655627472517e-05
1.580000000000000071e+01,1.632856056863377472e-04,4.850746768424835201e-05
1.600000000000000000e+01,1.627743101371921020e-04,4.829198180641211936e-05
1.619999999999999929e+01,1.622495495742079443e-04,4.807101433724616049e-05
1.639999999999999858e+01,1.617112011065669028e-04,4.784452443070177761e-05
1.660000000000000142e+01,1.611591504076221139e-04,4.761247513393090843e-05
1.680000000000000071e+01,1.605932920721079530e-04,4.737483353787684765e-05
1.700000000000000000e+01,1.600135299653197851e-04,4.713157092431353551e-05
1.719999999999999929e+01,1.594197775632799846e-04,4.688266290892046116e-05
1.739999999999999858e+01,1.588119582828982591e-04,4.662808957997902228e-05
1.760000000000000142e+01,1.581900058011454001e-04,4.636783563227839158e-05
1.780000000000000071e+01,1.575538643622586622e-04,4.610189049582146843e-05
1.800000000000000000e+01,1.569034890720157538e-04,4.583024845892554592e-05
1.819999999999999929e+01,1.562388461781225838e-04,4.555290878531750745e-05
1.839999999999999858e+01,1.555599133357786360e-04,4.526987582483142425e-05
1.860000000000000142e+01,1.548666798575064774e-04,4.498115911732289613e-05
1.880000000000000071e+01,1.541591469463545654e-04,4.468677348942626883e-05
1.900000000000000000e+01,1.534373279116097322e-04,4.438673914379036132e-05
1.919999999999999929e+01,1.527012483661906921e-04,4.408108174044176740e-05
1.939999999999999858e+01,1.519509464049229703e-04,4.376983246993853085e-05
1.960000000000000142e+01,1.511864727629390792e-04,4.345302811799226091e-05
1.980000000000000071e+01,1.504078909534862520e-04,4.313071112125297003e-05
2.000000000000000000e+01,1.496152773844671986e-04,4.280292961396976075e-05
2.019999999999999929e+01,1.488087214530915518e-04,4.246973746525870333e-05
2.039999999999999858e+01,1.479883256180599066e-04,4.213119430672983853e-05
2.060000000000000142e+01,1.471542054487609303e-04,4.178736555024725621e-05
2.080000000000000071e+01,1.463064896510146858e-04,4.143832239561812163e-05
2.100000000000000000e+01,1.454453200689544276e-04,4.108414182803050242e-05
2.119999999999999929e+01,1.445708516626993277e-04,4.072490660508437936e-05
2.139999999999999858e+01,1.436832524615355906e-04,4.036070523328580449e-05
2.160000000000000142e+01,1.427827034923825824e-04,3.999163193390028570e-05
2.180000000000000071e+01,1.418693986833945728e-04,3.961778659808845338e-05
2.200000000000000000e+01,1.409435447426081000e-04,3.923927473127510491e-05
2.219999999999999929e+01,1.400053610116210273e-04,3.885620738673035610e-05
2.239999999999999858e+01,1.390550792943544647e-04,3.846870108837084835e-05
2.260000000000000142e+01,1.380929436610212643e-04,3.807687774281746088e-05
2.280000000000000071e+01,1.371192102274967602e-04,3.768086454077569164e-05
2.300000000000000000e+01,1.361341469103562163e-04,3.728079384783376414e-05
2.319999999999999929e+01,1.351380331579174715e-04,3.687680308480376697e-05
2.339999999999999858e+01,1.341311596576961150e-04,3.646903459775949143e-05
2.360000000000000142e+01,1.331138280207530078e-04,3.605763551795467827e-05
2.380000000000000071e+01,1.320863504434803147e-04,3.564275761183421140e-05
2.400000000000000000e+01,1.310490493474449655e-04,3.522455712137889693e-05
2.419999999999999929e+01,1.300022569979704509e-04,3.480319459505306230e-05
2.439999999999999858e+01,1.289463151022082776e-04,3.437883470965147066e-05
2.460000000000000142e+01,1.278815743875097411e-04,3.395164608336873112e-05
2.480000000000000071e+01,1.268083941609715582e-04,3.352180108044058876e-05
2.500000000000000000e+01,1.257271418510889644e-04,3.308947560773132048e-05
2.519999999999999929e+01,1.246381925325028750e-04,3.265484890366547772e-05
2.539999999999999858e+01,1.235419284348847335e-04,3.221810331992550015e-05
2.560000000000000142e+01,1.224387384370501368e-04,3.177942409635791413e-05
2.580000000000000071e+01,1.213290175474396603e-04,3.133899912955193752e-05
2.600000000000000000e+01,1.202131663721496140e-04,3.089701873557277115e-05
2.619999999999999929e+01,1.190915905717349906e-04,3.045367540735003780e-05
2.639999999999999858e+01,1.179647003080413993e-04,3.000916356723761164e-05
2.660000000000000142e+01,1.168329096823559276e-04,2.956367931527575157e-05
2.680000000000000071e+01,1.156966361661942658e-04,2.911742017369956738e-05
2.700000000000000000e+01,1.145563000260644637e-04,2.867058482824854065e-05
2.719999999999999929e+01,1.134123237435670202e-04,2.822337286684183417e-05
2.739999999999999858e+01,1.122651314322058814e-04,2.777598451619143861e-05
2.760000000000000142e+01,1.111151482522941851e-04,2.732862037693130401e-05
2.780000000000000071e+01,1.099627998253462416e-04,2.688148115784407276e-05
2.800000000000000000e+01,1.088085116493445480e-04,2.643476740977008380e-05
2.819999999999999929e+01,1.076527085162713336e-04,2.598867925978254169e-05
2.839999999999999858e+01,1.064958139332836898e-04,2.554341614621153802e-05
2.860000000000000142e+01,1.053382495488976866e-04,2.509917655509640754e-05
2.880000000000000071e+01,1.041804345855327710e-04,2.465615775863978242e-05
2.900000000000000000e+01,1.030227852797434843e-04,2.421455555622972839e-05
2.919999999999999929e+01,1.018657143314406120e-04,2.377456401858758157e-05
2.939999999999999858e+01,1.007096303633745501e-04,2.333637523558731395e-05
2.960000000000000142e+01,9.955493739211785579e-05,2.290017906828047847e-05
2.980000000000000071e+01,9.840203431174667859e-05,2.246616290564576156e-05
3.000000000000000000e+01,9.725131439137970485e-05,2.203451142656611474e-05
3.019999999999999929e+01,9.610316478768586828e-05,2.160540636751901496e-05
3.039999999999999858e+01,9.495796607342319590e-05,2.117902629644602351e-05
3.060000000000000142e+01,9.381609178302147470e-05,2.075554639324685738e-05
3.080000000000000071e+01,9.267790797616234921e-05,2.033513823732161844e-05
3.100000000000000000e+01,9.154377282025452851e-05,1.991796960256067840e-05
3.119999999999999929e+01,9.041403619264155411e-05,1.950420426015779055e-05
3.139999999999999858e+01,8.928903930331416204e-05,1.909400178959600212e-05
3.160000000000000142e+01,8.816911433883655108e-05,1.868751739812881256e-05
3.180000000000000071e+01,8.705458412812797141e-05,1.828490174905202597e-05
3.200000000000000000e+01,8.594576183067145520e-05,1.788630079903279817e-05
3.220000000000000284e+01,8.484295064765437196e-05,1.749185564473323048e-05
3.239999999999999858e+01,8.374644355647137218e-05,1.710170237893656183e-05
3.260000000000000142e+01,8.265652306895135513e-05,1.671597195635333137e-05
3.279999999999999716e+01,8.157346101359726491e-05,1.633479006925477327e-05
3.300000000000000000e+01,8.049751834205334648e-05,1.595827703305001917e-05
3.320000000000000284e+01,7.942894495994672998e-05,1.558654768189301099e-05
3.339999999999999858e+01,7.836797958217347809e-05,1.521971127437421849e-05
3.360000000000000142e+01,7.731484961263065459e-05,1.485787140932254720e-05
3.379999999999999716e+01,7.626977104832651628e-05,1.450112595171225451e-05
3.400000000000000000e+01,7.523294840772808503e-05,1.414956696864074363e-05
3.420000000000000284e+01,7.420457468314245984e-05,1.380328067531459051e-05
3.439999999999999858e+01,7.318483131685641371e-05,1.346234739095283076e-05
3.460000000000000142e+01,7.217388820069950081e-05,1.312684150449055832e-05
3.479999999999999716e+01,7.117190369863015612e-05,1.279683144993995000e-05
3.500000000000000000e+01,7.017902469188470643e-05,1.247237969124173000e-05
3.520000000000000284e+01,6.919538664617326648e-05,1.215354271641805579e-05
3.539999999999999858e+01,6.822111370034842184e-05,1.184037104081615960e-05
3.560000000000000142e+01,6.725631877592283493e-05,1.153290921921418735e-05
3.579999999999999716e+01,6.630110370676127853e-05,1.123119586654340062e-05
3.600000000000000000e+01,6.535555938822588539e-05,1.093526368696646536e-05
3.620000000000000284e+01,6.441976594501163387e-05,1.064513951104004329e-05
3.639999999999999858e+01,6.349379291686801170e-05,1.036084434067999835e-05
3.660000000000000142e+01,6.257769946136563892e-05,1.008239340164182345e-05
3.679999999999999716e+01,6.167153457283657155e-05,9.809796203224674185e-06
3.700000000000000000e+01,6.077533731658357362e-05,9.543056604907611764e-06
3.720000000000000284e+01,5.988913707743112060e-05,9.282172889629394666e-06
3.739999999999999858e+01,5.901295382166531716e-05,9.027137843429259030e-06
3.760000000000000142e+01,5.814679837139458401e-05,8.777938841175983830e-06
3.779999999999999716e+01,5.729067269034515409e-05,8.534557938125640486e-06
3.800000000000000000e+01,5.644457018009387136e-05,8.296971967064591333e-06
3.820000000000000284e+01,5.560847598573537119e-05,8.065152640814511568e-06
3.839999999999999858e+01,5.478236730997274609e-05,7.839066659898669254e-06
3.860000000000000142e+01,5.396621373462185024e-05,7.618675825194716227e-06
3.879999999999999716e+01,5.315997754852136187e-05,7.403937155427675994e-06
3.900000000000000000e+01,5.236361408084534377e-05,7.194803009386975824e-06
3.920000000000000284e+01,5.157707203882514558e-05,6.991221212783693041e-06
3.939999999999999858e+01,5.080029384889813717e-05,6.793135189697150340e-06
3.960000000000000142e+01,5.003321600031577837e-05,6.600484098592979255e-06
3.979999999999999716e+01,4.927576939026247709e-05,6.413202972927505360e-06
4.000000000000000000e+01,4.852787966955448201e-05,6.231222866383667268e-06
4.020000000000000284e+01,4.778946758801379241e-05,6.054471002811960554e-06
4.039999999999999858e+01,4.706044933863471409e-05,5.882870930973407974e-06
4.060000000000000142e+01,4.634073689969074280e-05,5.716342684200420755e-06
4.079999999999999716e+01,4.563023837395689393e-05,5.554802945103297937e-06
4.100000000000000000e+01,4.492885832425590247e-05,5.398165215454374695e-06
4.120000000000000284e+01,4.423649810456891794e-05,5.246339991376885589e-06
4.139999999999999858e+01,4.355305618598674552e-05,5.099234943950566253e-06
4.160000000000000142e+01,4.287842847681437781e-05,4.956755105319703912e-06
4.179999999999999716e+01,4.221250863617800468e-05,4.818803060351223919e-06
4.200000000000000000e+01,4.155518838052387170e-05,4.685279143839751956e-06
4.220000000000000284e+01,4.090635778243650802e-05,4.556081643193767994e-06
4.239999999999999858e+01,4.026590556124521383e-05,4.431107006461447479e-06
4.260000000000000142e+01,3.963371936492759599e-05,4.310250055468537791e-06
4.279999999999999716e+01,3.900968604286121080e-05,4.193404203743507365e-06
4.300000000000000000e+01,3.839369190901428510e-05,4.080461678799857709e-06
4.320000000000000284e+01,3.778562299521006507e-05,3.971313748233913119e-06
4.339999999999999858e+01,3.718536529413846137e-05,3.865850948980892166e-06
4.360000000000000142e+01,3.659280499183167510e-05,3.763963318955887701e-06
4.379999999999999716e+01,3.600782868936023168e-05,3.665540630193149871e-06
4.400000000000000000e+01,3.543032361354639918e-05,3.570472622489246605e-06
4.420000000000000284e+01,3.486017781653157456e-05,3.478649236458364169e-06
4.439999999999999858e+01,3.429728036407330029e-05,3.389960844823061061e-06
4.460000000000000142e+01,3.374152151248457199e-05,3.304298480695870448e-06
4.479999999999999716e+01,3.319279287416666840e-05,3.221554061558177672e-06
4.500000000000000000e+01,3.265098757172057553e-05,3.141620607615530394e-06
4.520000000000000284e+01,3.211600038065872288e-05,3.064392453205000910e-06
4.539999999999999858e+01,3.158772786077032038e-05,2.989765449950770845e-06
4.560000000000000142e+01,3.106606847622664586e-05,2.917637160409764828e-06
4.579999999999999716e+01,3.055092270454353278e-05,2.847907041018832403e-06
4.600000000000000000e+01,3.004219313454555866e-05,2.780476613247573406e-06
4.620000000000000284e+01,2.953978455350694820e-05,2.715249621974453139e-06
4.639999999999999858e+01,2.904360402366665806e-05,2.652132180235347508e-06
4.660000000000000142e+01,2.855356094834298131e-05,2.591032899640099267e-06
4.679999999999999716e+01,2.806956712789279943e-05,2.531863005910476360e-06
4.700000000000000000e+01,2.759153680578398788e-05,2.474536439157674682e-06
4.720000000000000284e+01,2.711938670506694384e-05,2.418969938686048884e-06
4.739999999999999858e+01,2.665303605555025934e-05,2.365083112277347134e-06
4.760000000000000142e+01,2.619240661200108758e-05,2.312798490072982409e-06
4.779999999999999716e+01,2.573742266370501771e-05,2.262041563327740132e-06
4.800000000000000000e+01,2.528801103573301583e-05,2.212740808452822351e-06
4.820000000000000284e+01,2.484410108227446258e-05,2.164827696897933801e-06
4.839999999999999858e+01,2.440562467240388255e-05,2.118236691538342068e-06
4.860000000000000142e+01,2.397251616865772258e-05,2.072905230332670714e-06
4.879999999999999716e+01,2.354471239880348227e-05,2.028773698099422658e-06
4.900000000000000000e+01,2.312215262118808733e-05,1.985785387324790275e-06
4.920000000000000284e+01,2.270477848405627957e-05,1.943886448961333377e-06
4.939999999999999858e+01,2.229253397923128757e-05,1.903025834206981755e-06
4.960000000000000142e+01,2.188536539055078799e-05,1.863155228267951054e-06
4.979999999999999716e+01,2.148322123745079797e-05,1.824228977108260570e-06
5.000000000000000000e+01,2.108605221408741475e-05,1.786204008174560441e-06
5.020000000000000284e+01,2.069381112438411005e-05,1.749039746059191591e-06
5.039999999999999858e+01,2.030645281338750585e-05,1.712698024028662281e-06
5.060000000000000142e+01,1.992393409530887952e-05,1.677142992300633694e-06
5.079999999999999716e+01,1.954621367862361870e-05,1.642341023901972119e-06
5.100000000000000000e+01,1.917325208859218925e-05,1.608260618884567513e-06
5.120000000000000284e+01,1.880501158755895974e-05,1.574872307616583417e-06
5.139999999999999858e+01,1.844145609337614894e-05,1.542148553805352859e-06
5.160000000000000142e+01,1.808255109629051022e-05,1.510063657845900611e-06
5.179999999999999716e+01,1.772826357462018180e-05,1.478593661026995257e-06
5.200000000000000000e+01,1.737856190953805284e-05,1.447716251065471520e-06
5.220000000000000284e+01,1.703341579926731902e-05,1.417410669380510734e-06
5.239999999999999858e+01,1.669279617298206753e-05,1.387657620462625330e-06
5.260000000000000142e+01,1.635667510469404856e-05,1.358439183638413107e-06
5.279999999999999716e+01,1.602502572739467472e-05,1.329738727481544724e-06
5.300000000000000000e+01,1.569782214770711057e-05,1.301540827073450385e-06
5.320000000000000284e+01,1.537503936129181484e-05,1.273831184273907822e-06
5.339999999999999858e+01,1.505665316923442572e-05,1.246596551122134039e-06
5.360000000000000142e+01,1.474264009563196235e-05,1.219824656453220042e-06
5.379999999999999716e+01,1.443297730658008308e-05,1.193504135782538963e-06
5.400000000000000000e+01,1.412764253075062955e-05,1.167624464482240913e-06
5.420000000000000284e+01,1.382661398173470589e-05,1.142175894248704182e-06
5.439999999999999858e+01,1.352987028231416561e-05,1.117149392837887624e-06
5.460000000000000142e+01,1.323739039081032483e-05,1.092536587026541958e-06
5.479999999999999716e+01,1.294915352964638432e-05,1.068329708741142167e-06
5.500000000000000000e+01,1.266513911624626138e-05,1.044521544282778695e-06
5.520000000000000284e+01,1.238532669638130976e-05,1.021105386565150449e-06
5.539999999999999858e+01,1.210969588006217704e-05,9.980749902736432436e-07
5.560000000000000142e+01,1.183822628006268133e-05,9.754245298464353124e-07
5.579999999999999716e+01,1.157089745314996677e-05,9.531485601731681562e-07
5.600000000000000000e+01,1.130768884408357583e-05,9.312419799028366408e-07
5.620000000000000284e+01,1.104857973243564444e-05,9.096999972500918135e-07
5.639999999999999858e+01,1.079354918227311474e-05,8.885180981877518943e-07
5.660000000000000142e+01,1.054257599473301430e-05,8.676920169130939106e-07
5.679999999999999716e+01,1.029563866351148287e-05,8.472177084759883477e-07
5.700000000000000000e+01,1.005271533327823586e-05,8.270913234582755937e-07
5.720000000000000284e+01,9.813783761018387205e-06,8.073091845957437345e-07
5.739999999999999858e+01,9.578821280295986973e-06,7.878677652364320607e-07
5.760000000000000142e+01,9.347804768424054371e-06,7.687636695319288340e-07
5.779999999999999716e+01,9.120710616519391446e-06,7.499936142614657714e-07
5.800000000000000000e+01,8.897514702412373874e-06,7.315544121920602999e-07
5.820000000000000284e+01,8.678192366375435312e-06,7.134429568816261870e-07
5.839999999999999858e+01,8.462718389627251606e-06,6.956562088356714090e-07
5.860000000000000142e+01,8.251066975563823913e-06,6.781911829320893617e-07
5.879999999999999716e+01,8.043211733662304825e-06,6.610449370323981210e-07
5.900000000000000000e+01,7.839125665997722937e-06,6.442145617016584800e-07
5.920000000000000284e+01,7.638781156308832731e-06,6.276971709631383411e-07
5.939999999999999858e+01,7.442149961544188748e-06,6.114898940175594869e-07
5.960000000000000142e+01,7.249203205816525853e-06,5.955898678604920316e-07
5.979999999999999716e+01,7.059911376689572621e-06,5.799942307350162141e-07
6.000000000000000000e+01,6.874244323718277299e-06,5.647001163602982405e-07
6.020000000000000284e+01,6.692171259161003272e-06,5.497046488800908746e-07
6.039999999999999858e+01,6.513660760779736979e-06,5.350049384783894703e-07
6.060000000000000142e+01,6.338680776642863823e-06,5.205980776126023405e-07
6.079999999999999716e+01,6.167198631841920910e-06,5.064811378175575918e-07
6.100000000000000000e+01,5.999181037034960245e-06,4.926511670364968024e-07
6.120000000000000284e+01,5.834594098725336745e-06,4.791051874378991636e-07
6.139999999999999858e+01,5.673403331186291430e-06,4.658401936795435173e-07
6.160000000000000142e+01,5.515573669939670675e-06,4.528531515836191775e-07
6.179999999999999716e+01,5.361069486698576729e-06,4.401409971890226411e-07
6.200000000000000000e+01,5.209854605681904990e-06,4.277006361490766101e-07
6.220000000000000284e+01,5.061892321210869879e-06,4.155289434450257038e-07
6.239999999999999858e+01,4.917145416497341644e-06,4.036227633875062189e-07
6.260000000000000142e+01,4.775576183534433071e-06,3.919789098800544801e-07
6.279999999999999716e+01,4.637146444001515719e-06,3.805941669203769676e-07
6.300000000000000000e+01,4.501817571096409433e-06,3.694652893167032328e-07
6.320000000000000284e+01,4.369550512208925447e-06,3.585890035980723551e-07
6.339999999999999858e+01,4.240305812351957640e-06,3.479620090987542831e-07
6.360000000000000142e+01,4.114043638267391387e-06,3.375809791983662625e-07
6.379999999999999716e+01,3.990723803126305127e-06,3.274425627004572329e-07
6.400000000000000000e+01,3.870305791744623664e-06,3.175433853334829266e-07
6.420000000000000284e+01,3.752748786237793727e-06,3.078800513591998866e-07
6.440000000000000568e+01,3.638011692039636695e-06,2.984491452744947357e-07
6.459999999999999432e+01,3.526053164213592846e-06,2.892472335936338767e-07
6.479999999999999716e+01,3.416831633985787875e-06,2.802708666987928368e-07
6.500000000000000000e+01,3.310305335432967104e-06,2.715165807475833586e-07
6.520000000000000284e+01,3.206432332259901355e-06,2.629808996270515773e-07
6.540000000000000568e+01,3.105170544603605227e-06,2.546603369443767064e-07
6.559999999999999432e+01,3.006477775804452483e-06,2.465513980451694445e-07
6.579999999999999716e+01,2.910311739086532278e-06,2.386505820509458850e-07
6.600000000000000000e+01,2.816630084092593119e-06,2.309543839079263883e-07
6.620000000000000284e+01,2.725390423220812040e-06,2.234592964399075714e-07
6.640000000000000568e+01,2.636550357713992135e-06,2.161618123984765186e-07
6.659999999999999432e+01,2.550067503454350920e-06,2.090584265043618792e-07
6.679999999999999716e+01,2.465899516418513384e-06,2.021456374741655722e-07
6.700000000000000000e+01,2.384004117751944147e-06,1.954199500272058143e-07
6.720000000000000284e+01,2.304339118422427113e-06,1.888778768675862604e-07
6.740000000000000568e+01,2.226862443416690703e-06,1.825159406370424272e-07
6.759999999999999432e+01,2.151532155445195784e-06,1.763306758344743915e-07
6.779999999999999716e+01,2.078306478123589799e-06,1.703186306984302406e-07
6.800000000000000000e+01,2.007143818601554479e-06,1.644763690491660126e-07
6.820000000000000284e+01,1.938002789612075082e-06,1.588004720871978175e-07
6.840000000000000568e+01,1.870842230916045623e-06,1.532875401455850731e-07
6.859999999999999432e+01,1.805621230120688913e-06,1.479341943934642165e-07
6.879999999999999716e+01,1.742299142850860572e-06,1.427370784886201750e-07
6.900000000000000000e+01,1.680835612256314578e-06,1.376928601771504915e-07
6.920000000000000284e+01,1.621190587838155498e-06,1.327982328385016217e-07
6.940000000000000568e+01,1.563324343581785033e-06,1.280499169744108188e-07
6.959999999999999432e+01,1.507197495383617690e-06,1.234446616404829761e-07
6.979999999999999716e+01,1.452771017762880742e-06,1.189792458193551645e-07
7.000000000000000000e+01,1.400006259850110730e-06,1.146504797345896161e-07
7.020000000000000284e+01,1.348864960646207857e-06,1.104552061046196184e-07
7.040000000000000568e+01,1.299309263547848872e-06,1.063903013362467039e-07
7.059999999999999432e+01,1.251301730136943327e-06,1.024526766573676858e-07
7.079999999999999716e+01,1.204805353232663147e-06,9.863927918873588822e-08
7.100000000000000000e+01,1.159783569206668524e-06,9.494709295474313848e-08
7.120000000000000284e+01,1.116200269563774567e-06,9.137313983331648778e-08
7.140000000000000568e+01,1.074019811790893490e-06,8.791448044517275997e-08
7.159999999999999432e+01,1.033207029479546321e-06,8.456821498279474153e-08
7.179999999999999716e+01,9.937272417272802125e-07,8.133148397959012994e-08
7.200000000000000000e+01,9.555462618256063945e-07,7.820146901982862493e-08
7.220000000000000284e+01,9.186304052424408947e-07,7.517539339002891293e-08
7.240000000000000568e+01,8.829464969082434092e-07,7.225052267257085761e-08
7.259999999999999432e+01,8.484618778163420797e-07,6.942416528239499084e-08
7.279999999999999716e+01,8.151444109487710159e-07,6.669367294772831950e-08
7.300000000000000000e+01,7.829624865390258632e-07,6.405644113585106122e-08
7.320000000000000284e+01,7.518850266851650048e-07,6.150990942498387913e-08
7.340000000000000568e+01,7.218814893266460843e-07,5.905156182344031424e-08
7.359999999999999432e+01,6.929218715990243450e-07,5.667892703724796356e-08
7.379999999999999716e+01,6.649767125814478845e-07,5.438957868747982306e-08
7.400000000000000000e+01,6.380170954521436879e-07,5.218113547860644687e-08
7.420000000000000284e+01,6.120146490678946822e-07,5.005126131919152482e-08
7.440000000000000568e+01,5.869415489840647635e-07,4.799766539631547941e-08
7.459999999999999432e+01,5.627705179310976044e-07,4.601810220512668513e-08
7.479999999999999716e+01,5.394748257655906554e-07,4.411037153495422431e-08
7.500000000000000000e+01,5.170282889121288074e-07,4.227231841343339183e-08
7.520000000000000284e+01,4.954052693142723095e-07,4.050183301012233225e-08
7.540000000000000568e+01,4.745806729119510423e-07,3.879685050108938388e-08
7.559999999999999432e+01,4.545299476634387684e-07,3.715535089597708835e-08
7.579999999999999716e+01,4.352290811296376664e-07,3.557535882904370211e-08
7.600000000000000000e+01,4.166545976386992795e-07,3.405494331569135120e-08
7.620000000000000284e+01,3.987835550493381932e-07,3.259221747599325304e-08
7.640000000000000568e+01,3.815935411306067612e-07,3.118533822672379975e-08
7.659999999999999432e+01,3.650626695761930060e-07,2.983250594339704436e-08
7.679999999999999716e+01,3.491695756711932379e-07,2.853196409380149938e-08
7.700000000000000000e+01,3.338934116289813279e-07,2.728199884452122828e-08
7.720000000000000284e+01,3.192138416162359189e-07,2.608093864190244597e-08
7.740000000000000568e+01,3.051110364829742787e-07,2.492715376892943342e-08
7.759999999999999432e+01,2.915656682155082288e-07,2.381905587943756650e-08
7.779999999999999716e+01,2.785589041287287542e-07,2.275509751108225872e-08
7.800000000000000000e+01,2.660724008151562622e-07,2.173377157845637335e-08
7.820000000000000284e+01,2.540882978667586875e-07,2.075361084772773249e-08
7.840000000000000568e+01,2.425892113859082111e-07,1.981318739414040836e-08
7.859999999999999432e+01,2.315582273016614313e-07,1.891111204369749904e-08
7.879999999999999716e+01,2.209788945064471888e-07,1.804603380031920481e-08
7.900000000000000000e+01,2.108352178288686843e-07,1.721663925973150816e-08
7.920000000000000284e+01,2.011116508574089508e-07,1.642165201132227086e-08
7.940000000000000568e+01,1.917930886291287755e-07,1.565983202915752299e-08
7.959999999999999432e+01,1.828648601982555638e-07,1.492997505333476690e-08
7.979999999999999716e+01,1.743127210975757613e-07,1.423091196279157334e-08
8.000000000000000000e+01,1.661228457069035271e-07,1.356150814069110012e-08
8.020000000000000284e+01,1.582818195403980398e-07,1.292066283342726066e-08
8.040000000000000568e+01,1.507766314666342480e-07,1.230730850430206515e-08
8.059999999999999432e+01,1.435946658722060373e-07,1.172041018285631632e-08
8.079999999999999716e+01,1.367236947814427945e-07,1.115896481082223348e-08
8.100000000000000000e+01,1.301518699432752801e-07,1.062200058562073489e-08
8.120000000000000284e+01,1.238677148958455263e-07,1.010857630229690883e-08
8.140000000000000568e+01,1.178601170196023926e-07,9.617780694740444938e-09
8.159999999999999432e+01,1.121183195885211430e-07,9.148731777017329579e-09
8.179999999999999716e+01,1.066319138293791662e-07,8.700576185589757877e-09
8.200000000000000000e+01,1.013908309981009060e-07,8.272488523179395514e-09
8.220000000000000284e+01,9.638533448144883521e-08,7.863670704976036718e-09
8.240000000000000568e+01,9.160601193314679673e-08,7.473351307879071986e-09
8.259999999999999432e+01,8.704376745153583079e-08,7.100784923411594721e-09
8.279999999999999716e+01,8.268981380689194130e-08,6.745251514915236191e-09
8.300000000000000000e+01,7.853566472495430524e-08,6.406055779605646112e-09
8.320000000000000284e+01,7.457312723357943301e-08,6.082526516027127507e-09
8.340000000000000568e+01,7.079429407873858095e-08,5.774015997422698202e-09
8.359999999999999432e+01,6.719153621592804244e-08,5.479899351492134013e-09
8.379999999999999716e+01,6.375749538203215034e-08,5.199573946992478085e-09
8.400000000000000000e+01,6.048507675348808411e-08,4.932458787593321246e-09
8.420000000000000284e+01,5.736744169479912866e-08,4.677993913376936870e-09
8.440000000000000568e+01,5.439800060239924596e-08,4.435639810341623917e-09
8.459999999999999432e+01,5.157040584762126254e-08,4.204876828235497405e-09
8.479999999999999716e+01,4.887854482285205982e-08,3.985204607029558347e-09
8.500000000000000000e+01,4.631653309363373229e-08,3.776141512299954658e-09
8.520000000000000284e+01,4.387870766090436697e-08,3.577224079771184220e-09
8.540000000000000568e+01,4.155962033492360448e-08,3.388006469247202735e-09
8.559999999999999432e+01,3.935403122467191866e-08,3.208059928128999844e-09
8.579999999999999716e+01,3.725690234382719959e-08,3.036972264693918117e-09
8.600000000000000000e+01,3.526339133593068450e-08,2.874347331295537309e-09
8.620000000000000284e+01,3.336884532043415158e-08,2.719804517612056885e-09
8.640000000000000568e+01,3.156879486047475479e-08,2.572978254060448683e-09
8.659999999999999432e+01,2.985894805451088426e-08,2.433517525459250392e-09
8.679999999999999716e+01,2.823518475159854924e-08,2.301085395022073131e-09
8.700000000000000000e+01,2.669355089222101629e-08,2.175358538726583502e-09
8.720000000000000284e+01,2.523025297434074773e-08,2.056026790104428608e-09
8.740000000000000568e+01,2.384165264526216617e-08,1.942792695462684075e-09
8.759999999999999432e+01,2.252426141941563066e-08,1.835371079544896491e-09
8.779999999999999716e+01,2.127473552195223226e-08,1.733488621617800702e-09
8.800000000000000000e+01,2.008987085800231325e-08,1.636883441961669636e-09
8.820000000000000284e+01,1.896659810700907816e-08,1.545304698721308101e-09
8.840000000000000568e+01,1.790197794154871803e-08,1.458512195060066670e-09
8.859999999999999432e+01,1.689319637019562129e-08,1.376275996565241378e-09
8.879999999999999716e+01,1.593756020299796288e-08,1.298376058817045328e-09
8.900000000000000000e+01,1.503249263941656577e-08,1.224601865037191927e-09
8.920000000000000284e+01,1.417552897651974486e-08,1.154752073723973411e-09
8.940000000000000568e+01,1.336431243728710510e-08,1.088634176166767909e-09
8.959999999999999432e+01,1.259659011688853856e-08,1.026064163721893369e-09
8.979999999999999716e+01,1.187020904583490677e-08,9.668662047316125048e-10
9.000000000000000000e+01,1.118311236830816571e-08,9.108723309535670037e-10
9.020000000000000284e+01,1.053333563449377253e-08,8.579221333706855650e-10
9.040000000000000568e+01,9.919003204413882442e-09,8.078624672260997376e-10
9.059999999999999432e+01,9.338324762341638067e-09,7.605471661493341784e-10
9.079999999999999716e+01,8.789591939331859336e-09,7.158367652128723911e-10
9.100000000000000000e+01,8.271175042433443561e-09,6.735982327620264839e-10
9.120000000000000284e+01,7.781519888486625872e-09,6.337047108597712037e-10
9.140000000000000568e+01,7.319144740224319015e-09,5.960352641761920526e-10
9.159999999999999432e+01,6.882637343389987843e-09,5.604746371640585429e-10
9.179999999999999716e+01,6.470652062002706275e-09,5.269130193365993954e-10
9.200000000000000000e+01,6.081907110334694119e-09,4.952458184883477092e-10
9.220000000000000284e+01,5.715181879210201961e-09,4.653734416761325023e-10
9.240000000000000568e+01,5.369314354344954849e-09,4.372010837868298486e-10
9.259999999999999432e+01,5.043198625181122045e-09,4.106385235166255231e-10
9.279999999999999716e+01,4.735782481421997756e-09,3.855999265833960759e-10
9.300000000000000000e+01,4.446065095574221233e-09,3.620036559929055119e-10
9.320000000000000284e+01,4.173094789069589053e-09,3.397720891860503074e-10
9.340000000000000568e+01,3.915966880127135004e-09,3.188314418854300224e-10
9.359999999999999432e+01,3.673821610890747346e-09,2.991115984661468485e-10
9.379999999999999716e+01,3.445842152039788127e-09,2.805459486762713231e-10
9.400000000000000000e+01,3.231252682481552105e-09,2.630712305292742566e-10
9.420000000000000284e+01,3.029316542175886537e-09,2.466273792036630061e-10
9.440000000000000568e+01,2.839334456068678939e-09,2.311573817616248301e-10
9.459999999999999432e+01,2.660642827000591833e-09,2.166071375370801102e-10
9.479999999999999716e+01,2.492612095347047001e-09,2.029253240090595206e-10
9.500000000000000000e+01,2.334645163954765342e-09,1.900632680020703687e-10
9.520000000000000284e+01,2.186175885726228351e-09,1.779748220475215120e-10
9.540000000000000568e+01,2.046667612270217280e-09,1.666162457472397708e-10
9.559999999999999432e+01,1.915611801668731751e-09,1.559460919760578076e-10
9.579999999999999716e+01,1.792526683447378299e-09,1.459250977712962263e-10
9.600000000000000000e+01,1.676955978689166726e-09,1.365160797537772018e-10
9.620000000000000284e+01,1.568467673783453216e-09,1.276838339313419625e-10
9.640000000000000568e+01,1.466652845786758213e-09,1.193950397322202346e-10
9.659999999999999432e+01,1.371124537776841341e-09,1.116181681316665908e-10
9.679999999999999716e+01,1.281516682250330208e-09,1.043233937246018369e-10
9.700000000000000000e+01,1.197483071276368958e-09,9.748251060278894681e-11
9.720000000000000284e+01,1.118696371235861224e-09,9.106885191137192551e-11
9.740000000000000568e+01,1.044847181153067250e-09,8.505721294079242976e-11
9.759999999999999432e+01,9.756431323387740193e-10,7.942377763186637548e-11
9.779999999999999716e+01,9.108080284989387038e-10,7.414604836801183093e-11
9.800000000000000000e+01,8.500810243591093959e-10,6.920277892666237280e-11
9.820000000000000284e+01,7.932158414435084970e-10,6.457391047494579314e-11
9.840000000000000568e+01,7.399800197580299724e-10,6.024051049422265803e-11
9.859999999999999432e+01,6.901542039056762971e-10,5.618471451579721522e-11
9.879999999999999716e+01,6.435314619422456587e-10,5.238967055990280432e-11
9.900000000000000000e+01,5.999166365308240081e-10,4.883948617205878581e-11
9.920000000000000284e+01,5.591257261143040956e-10,4.551917795333464974e-11
9.940000000000000568e+01,5.209852955173402685e-10,4.241462348115004227e-11
9.959999999999999432e+01,4.853319148373505130e-10,3.951251552557486951e-11
9.979999999999999716e+01,4.520116248955835172e-10,3.680031846622592276e-11
1.000000000000000000e+02,4.208794288068127417e-10,3.426622681933181965e-11
1.002000000000000028e+02,3.917988080858217628e-10,3.189912578246518668e-11
1.004000000000000057e+02,3.646412627020948373e-10,2.968855371665988774e-11
1.005999999999999943e+02,3.392858733537318605e-10,2.762466647881233696e-11
1.007999999999999972e+02,3.156188859238010344e-10,2.569820352767600210e-11
1.010000000000000000e+02,2.935333164269374807e-10,2.390045572307145756e-11
1.012000000000000028e+02,2.729285760047449277e-10,2.222323474944045425e-11
1.014000000000000057e+02,2.537101144985300163e-10,2.065884408347846111e-11
1.015999999999999943e+02,2.357890826729417698e-10,1.920005144377151537e-11
1.017999999999999972e+02,2.190820113615372637e-10,1.784006265263999432e-11
1.020000000000000000e+02,2.035105073135526263e-10,1.657249684977322904e-11
1.022000000000000028e+02,1.890009648222097813e-10,1.539136298586983872e-11
1.024000000000000057e+02,1.754842922148883597e-10,1.429103755159583281e-11
1.025999999999999943e+02,1.628956529844425605e-10,1.326624346999821353e-11
1.027999999999999972e+02,1.511742201637647908e-10,1.231203010897419682e-11
1.030000000000000000e+02,1.402629444586104726e-10,1.142375435722903364e-11
1.032000000000000028e+02,1.301083338579037461e-10,1.059706270488143354e-11
1.034000000000000057e+02,1.206602457147666180e-10,9.827874295434256111e-12
1.035999999999999943e+02,1.118716899739474590e-10,9.112364891972987395e-12
1.037999999999999972e+02,1.036986429570598134e-10,8.446951715622220534e-12
1.040000000000000000e+02,9.609987122740351104e-11,7.828279108681051034e-12
1.042000000000000028e+02,8.903676542400722157e-11,7.253204995425382929e-12
1.044000000000000057e+02,8.247318310843622720e-11,6.718788085496026524e-12
1.045999999999999943e+02,7.637530036685750964e-11,6.222275786647521323e-12
1.047999999999999972e+02,7.071147165234718511e-11,5.761092802633304885e-12
1.050000000000000000e+02,6.545209753635905011e-11,5.332830362098883050e-12
1.052000000000000028e+02,6.056950007505989344e-11,4.935236061164678895e-12
1.054000000000000057e+02,5.603780490764846473e-11,4.566204284921994001e-12
1.055999999999999943e+02,5.183283045452608759e-11,4.223767167974050934e-12
1.057999999999999972e+02,4.793198325886214384e-11,3.906086084844695034e-12
1.060000000000000000e+02,4.431415936119413052e-11,3.611443623188592276e-12
1.062000000000000028e+02,4.095965155991507871e-11,3.338236025945718107e-12
1.064000000000000057e+02,3.785006182191238986e-11,3.084966072740742037e-12
1.065999999999999943e+02,3.496821902729207068e-11,2.850236380648971204e-12
1.067999999999999972e+02,3.229810153317325162e-11,2.632743095579754127e-12
1.070000000000000000e+02,2.982476411511144008e-11,2.431269961402270720e-12
1.072000000000000028e+02,2.753426958044483977e-11,2.244682740156067706e-12
1.074000000000000057e+02,2.541362420746745145e-11,2.071923963062888113e-12
1.075999999999999943e+02,2.345071715757613676e-11,1.912008001138237384e-12
1.077999999999999972e+02,2.163426349252368590e-11,1.764016430320481787e-12
1.080000000000000000e+02,1.995375075999110578e-11,1.627093678438183474e-12
1.082000000000000028e+02,1.839938874282433754e-11,1.500442938648302280e-12
1.084000000000000057e+02,1.696206218800146429e-11,1.383322329669712980e-12
1.085999999999999943e+02,1.563328666247756153e-11,1.275041297545546036e-12
1.087999999999999972e+02,1.440516702089206719e-11,1.174957232832607438e-12
1.090000000000000000e+02,1.327035837477828721e-11,1.082472305667059054e-12
1.092000000000000028e+02,1.222202967363538826e-11,9.970304895919075809e-13
1.094000000000000057e+02,1.125382938284777869e-11,9.181147809787410482e-13
1.095999999999999943e+02,1.035985344238583770e-11,8.452445844995410300e-13
1.097999999999999972e+02,9.534615211993619741e-12,7.779732715935586997e-13
1.100000000000000000e+02,8.773017292503148380e-12,7.158858887964220804e-13
1.102000000000000028e+02,8.070325260062118694e-12,6.585970133337225619e-13
1.104000000000000057e+02,7.422142871833415856e-12,6.057487495663085628e-13
1.105999999999999943e+02,6.824389184608030873e-12,5.570088477570712025e-13
1.107999999999999972e+02,6.273276740235071724e-12,5.120689512719134387e-13
1.110000000000000000e+02,5.765291516817957547e-12,4.706429535006178393e-13
1.112000000000000028e+02,5.297174130661693535e-12,4.324654626141927581e-13
1.114000000000000057e+02,4.865902031463626923e-12,3.972903671912812578e-13
1.115999999999999943e+02,4.468673095402455792e-12,3.648894957790174302e-13
1.117999999999999972e+02,4.102890358617901542e-12,3.350513665942038501e-13
1.120000000000000000e+02,3.766147449639519904e-12,3.075800173796447039e-13
1.122000000000000028e+02,3.456215309353356593e-12,2.822939148250494425e-13
1.124000000000000057e+02,3.171029720278121376e-12,2.590249371572113496e-13
1.125999999999999943e+02,2.908679461216891989e-12,2.376174244387662132e-13
1.127999999999999972e+02,2.667395602299489006e-12,2.179272925821264065e-13
1.130000000000000000e+02,2.445541315040000291e-12,1.998212076959200566e-13
1.132000000000000028e+02,2.241602234196240371e-12,1.831758176356875915e-13
1.134000000000000057e+02,2.054177996806679842e-12,1.678770335034155477e-13
1.135999999999999943e+02,1.881973670866990462e-12,1.538193625337164254e-13
1.137999999999999972e+02,1.723792361184056639e-12,1.409052868436633176e-13
1.140000000000000000e+02,1.578527962377175165e-12,1.290446831260100103e-13
1.142000000000000028e+02,1.445158574041577630e-12,1.181542844331985283e-13
1.144000000000000057e+02,1.322740430927099186e-12,1.081571788488020467e-13
1.145999999999999943e+02,1.210401980264030098e-12,9.898234343819064890e-14
1.147999999999999972e+02,1.107338694824886328e-12,9.056420971706271162e-14
1.150000000000000000e+02,1.012808106706956018e-12,8.284226218699089487e-14
1.152000000000000028e+02,9.261251721960090377e-13,7.576066172835388357e-14
1.154000000000000057e+02,8.466580044979669495e-13,6.926789943872814541e-14
1.155999999999999943e+02,7.738239375517361281e-13,6.331647266452384856e-14
1.157999999999999972e+02,7.070857002024283330e-13,5.786258459421713282e-14
1.160000000000000000e+02,6.459482893237048573e-13,5.286586655120974732e-14
1.162000000000000028e+02,5.899554014985692618e-13,4.828911854078161552e-14
1.164000000000000057e+02,5.386868211568547400e-13,4.409806999387386704e-14
1.165999999999999943e+02,4.917555512051394200e-13,4.026115757829415464e-14
1.167999999999999972e+02,4.488052011642343352e-13,3.674931829676073603e-14
1.170000000000000000e+02,4.095078167482216473e-13,3.353579914623653602e-14
1.172000000000000028e+02,3.735615622963100749e-13,3.059597970644295981e-14
1.174000000000000057e+02,3.406887710726490767e-13,2.790720786600720628e-14
1.175999999999999943e+02,3.106341059265314432e-13,2.544864821344713934e-14
1.177999999999999972e+02,2.831627199525956363e-13,2.320114050335563884e-14
1.180000000000000000e+02,2.580587850189874386e-13,2.114707158506717270e-14
1.182000000000000028e+02,2.351239467219303571e-13,1.927025225447868826e-14
1.184000000000000057e+02,2.141759264874790234e-13,1.755580801930423450e-14
1.185999999999999943e+02,1.950473443940490079e-13,1.599007471888334752e-14
1.187999999999999972e+02,1.775844684213542021e-13,1.456050326069788083e-14
1.190000000000000000e+02,1.616461844201203361e-13,1.325557296251773992e-14
1.192000000000000028e+02,1.471030028685941455e-13,1.206470797392535839e-14
1.194000000000000057e+02,1.338360656290526387e-13,1.097820490885827440e-14
1.195999999999999943e+02,1.217363366382922713e-13,9.987160361501996187e-15
1.197999999999999972e+02,1.107038661717096832e-13,9.083409358543719317e-15
1.200000000000000000e+02,1.006470183205868741e-13,8.259464628357256590e-15
1.202000000000000028e+02,9.148177204296805596e-14,7.508463142759135641e-15
1.204000000000000057e+02,8.313109578812839418e-14,6.824115338957424262e-15
1.205999999999999943e+02,7.552454284181858218e-14,6.200658049771148710e-15
1.207999999999999972e+02,6.859747880354986656e-14,5.632812770862383935e-15
1.210000000000000000e+02,6.229075050543041063e-14,5.115745815896491821e-15
1.212000000000000028e+02,5.655020778381794157e-14,4.645031383725074770e-15
1.214000000000000057e+02,5.132637239815615182e-14,4.216619984022211124e-15
1.215999999999999943e+02,4.657384944223950528e-14,3.826804656560624563e-15
1.217999999999999972e+02,4.225118019702937578e-14,3.472195700626824421e-15
1.220000000000000000e+02,3.832051104949049896e-14,3.149692599603268868e-15
1.222000000000000028e+02,3.474715205103955797e-14,2.856460043070935583e-15
1.224000000000000057e+02,3.149939298356537708e-14,2.589906681411775964e-15
1.225999999999999943e+02,2.854831942544917830e-14,2.347665113285447344e-15
1.227999999999999972e+02,2.586748167040102702e-14,2.127571499654254595e-15
1.230000000000000000e+02,2.343274758027598933e-14,1.927649755812705922e-15
1.232000000000000028e+02,2.122204507750249268e-14,1.746095705087771916e-15
1.234000000000000057e+02,1.921528857149038875e-14,1.581262445142414967e-15
1.235999999999999943e+02,1.739408466426337231e-14,1.431646527359288451e-15
1.237999999999999972e+02,1.574173215045894341e-14,1.295876713849351575e-15
1.240000000000000000e+02,1.424285414936889859e-14,1.172701313576631511e-15
1.242000000000000028e+02,1.288361882571505065e-14,1.060979485623715271e-15
1.244000000000000057e+02,1.165129794809778597e-14,9.596714891939226001e-16
1.245999999999999943e+02,1.053430367579202832e-14,8.678287023483320046e-16
1.247999999999999972e+02,9.522078198359369523e-15,7.845874223807881937e-16
1.250000000000000000e+02,8.605056948852126132e-15,7.091606608008665296e-16
1.252000000000000028e+02,7.774447883037619682e-15,6.408313121055386462e-16
1.254000000000000057e+02,7.022341839786031044e-15,5.789469894914323396e-16
1.255999999999999943e+02,6.341455033498741304e-15,5.229130649950606375e-16
1.257999999999999972e+02,5.725202627700227832e-15,4.721891321907992092e-16
1.260000000000000000e+02,5.167588374650212289e-15,4.262833413098872005e-16
1.262000000000000028e+02,4.663167828547703916e-15,3.847483488748526622e-16
1.264000000000000057e+02,4.206937985143145960e-15,3.471768829718488894e-16
1.265999999999999943e+02,3.794447642126268457e-15,3.131991147465363315e-16
1.267999999999999972e+02,3.421576678350377149e-15,2.824791330285302642e-16
1.270000000000000000e+02,3.084609627424256251e-15,2.547108650167777337e-16
1.272000000000000028e+02,2.780162104120262923e-15,2.296173809016067303e-16
1.274000000000000057e+02,2.505144017578376076e-15,2.069462871268957789e-16
1.275999999999999943e+02,2.256796358102148351e-15,1.864687651746754747e-16
1.277999999999999972e+02,2.032544049974895833e-15,1.679771556470282648e-16
1.280000000000000000e+02,1.830179885439459927e-15,1.512832054681222685e-16
1.281999999999999886e+02,1.647533443534635591e-15,1.362155150291031906e-16
1.284000000000000057e+02,1.482765384462790925e-15,1.226192028588842611e-16
1.285999999999999943e+02,1.334146728814152528e-15,1.103532140162281770e-16
1.288000000000000114e+02,1.200132431158709264e-15,9.929076592512016406e-17
1.290000000000000000e+02,1.079324593250261463e-15,8.931559489027995637e-17
1.291999999999999886e+02,9.704724640264193464e-16,8.032330919690635512e-17
1.294000000000000057e+02,8.723252924247937252e-16,7.221867577562050111e-17
1.295999999999999943e+02,7.839634085465685501e-16,6.491671759091242504e-17
1.298000000000000114e+02,7.043567821050700589e-16,5.833892464544763578e-17
1.300000000000000000e+02,6.326961035893403095e-16,5.241473880970944392e-17
1.301999999999999886e+02,5.681720634884215572e-16,4.708106229633905171e-17
1.304000000000000057e+02,5.101224994751661438e-16,4.227978298825162972e-17
1.305999999999999943e+02,4.578852492224268056e-16,3.795911804686466771e-17
1.308000000000000114e+02,4.109085107909141399e-16,3.407204719266381510e-17
1.310000000000000000e+02,3.686404822413384480e-16,3.057528864396950142e-17
1.311999999999999886e+02,3.306765088182208574e-16,2.743118199870578316e-17
1.314000000000000057e+02,2.965015753782244870e-16,2.460422705434551323e-17
1.315999999999999943e+02,2.658213875537283253e-16,2.206313768565017751e-17
1.318000000000000114e+02,2.382680773852059722e-16,1.978004356713717277e-17
1.320000000000000000e+02,2.135105637090837466e-16,1.772876287720705044e-17
1.321999999999999886e+02,1.912545521577406123e-16,1.588630957213506738e-17
1.324000000000000057e+02,1.713161087514133445e-16,1.423208308392089718e-17
1.325999999999999943e+02,1.534009391224809072e-16,1.274709923589918501e-17
1.328000000000000114e+02,1.373251092911801495e-16,1.141425477983337855e-17
1.330000000000000000e+02,1.229046852777478962e-16,1.021796013285335632e-17
1.331999999999999886e+02,1.099557331024209718e-16,9.145466697919594129e-18
1.334000000000000057e+02,9.836789237734147854e-17,8.183113473614928822e-18
1.335999999999999943e+02,8.799401591869888598e-17,7.320261918584682293e-18
1.338000000000000114e+02,7.865016974673001877e-17,6.547265348882220940e-18
1.340000000000000000e+02,7.033635386143488922e-17,5.854003599652366628e-18
1.341999999999999886e+02,6.283184748709770169e-17,5.232997667341497035e-18
1.344000000000000057e+02,5.613665062371843152e-17,4.676816027449651180e-18
1.345999999999999943e+02,5.014040288343920555e-17,4.178658774242252279e-18
1.348000000000000114e+02,4.480631747030737885e-17,3.732914377713415833e-18
1.350000000000000000e+02,3.998724720051240865e-17,3.333763911090677657e-18
1.351999999999999886e+02,3.568319207405431344e-17,2.976433004579955662e-18
1.354000000000000057e+02,3.185736529498044830e-17,2.656791208238109690e-18
1.355999999999999943e+02,2.843619327138555416e-17,2.370948848176666992e-18
1.358000000000000114e+02,2.534610241136435350e-17,2.115514308270149468e-18
1.360000000000000000e+02,2.262387951086948815e-17,1.887233117251688460e-18
1.361999999999999886e+02,2.015916418204305722e-17,1.682642054416010538e-18
1.364000000000000057e+02,1.795195642488505763e-17,1.500197022686591773e-18
1.365999999999999943e+02,1.600225623939549245e-17,1.337075945574360271e-18
1.368000000000000114e+02,1.427327682962172599e-17,1.191566901098615903e-18
1.370000000000000000e+02,1.269144460365849305e-17,1.061493280456769305e-18
1.371999999999999886e+02,1.129354635745842777e-17,9.456408038260710654e-19
1.374000000000000057e+02,1.007958209102152861e-17,8.422273618476325449e-19
1.375999999999999943e+02,8.975978212442528813e-18,7.497189719618073848e-19
1.378000000000000114e+02,7.982734721721428378e-18,6.671405178335247100e-19
1.380000000000000000e+02,7.099851618858228848e-18,5.936130552189175963e-19
1.381999999999999886e+02,6.327328903852930222e-18,5.284092523500098254e-19
1.384000000000000057e+02,5.591592984800264204e-18,4.698198177641314631e-19
1.385999999999999943e+02,5.003004249558130157e-18,4.177756371010346221e-19
1.388000000000000114e+02,4.414415514315997650e-18,3.715406235205459837e-19
1.390000000000000000e+02,3.936187166931764507e-18,3.303147291872199532e-19
1.391999999999999886e+02,3.494745615500164742e-18,2.931972768932715741e-19
1.394000000000000057e+02,3.090090860021198355e-18,2.603656472566080906e-19
1.395999999999999943e+02,2.759009696447498724e-18,2.313292437769666480e-19
1.398000000000000114e+02,2.464715328826432086e-18,2.054367759286257206e-19
1.400000000000000000e+02,2.170420961205365447e-18,1.822879173043201819e-19
1.401999999999999886e+02,1.912913389536932187e-18,1.618015883221011013e-19
1.404000000000000057e+02,1.692192613821132497e-18,1.435748671995196609e-19
1.405999999999999943e+02,1.508258634057965992e-18,1.272020275125875885e-19
1.408000000000000114e+02,1.361111450247432673e-18,1.130155944046329434e-19
1.410000000000000000e+02,1.177177470484265976e-18,1.001934568981791369e-19
1.411999999999999886e+02,1.066817082626366035e-18,8.874169960994919866e-20
1.414000000000000057e+02,9.196698988158329080e-19,7.866610360299483658e-20
1.415999999999999943e+02,8.460963069105662484e-19,6.988417764334842775e-20
1.418000000000000114e+02,7.357359190526663072e-19,6.181919306318258375e-20
1.420000000000000000e+02,6.621623271473996476e-19,5.464041342419359457e-20
1.421999999999999886e+02,5.885887352421329879e-19,4.835190184849779120e-20
1.424000000000000057e+02,5.150151433368664246e-19,4.295762038495116250e-20
1.425999999999999943e+02,4.414415514315997650e-19,3.804141952396898621e-20
1.428000000000000114e+02,4.046547554789664352e-19,3.335483807815195628e-20
1.430000000000000000e+02,3.678679595263331536e-19,2.973776951691517201e-20
1.431999999999999886e+02,2.942943676210664940e-19,2.618682118772764817e-20
1.434000000000000057e+02,2.575075716684332123e-19,2.303943929634621214e-20
1.435999999999999943e+02,2.575075716684332123e-19,2.055010951768894760e-20
1.438000000000000114e+02,2.207207757157998825e-19,1.830077919499091194e-20
1.440000000000000000e+02,1.839339797631665768e-19,1.586773318725823884e-20
1.441999999999999886e+02,1.839339797631665768e-19,1.409865667416070378e-20
1.444000000000000057e+02,1.471471838105332470e-19,1.249097098348188537e-20
1.445999999999999943e+02,1.471471838105332470e-19,1.095476700765778672e-20
1.448000000000000114e+02,1.103603878578999413e-19,9.833620369321384391e-21
1.450000000000000000e+02,1.103603878578999413e-19,8.706973783518611547e-21
1.451999999999999886e+02,7.357359190526662349e-20,7.575742068017262758e-21
1.454000000000000057e+02,7.357359190526662349e-20,6.688631392384763196e-21
1.455999999999999943e+02,7.357359190526662349e-20,5.797525574991701219e-21
1.458000000000000114e+02,7.357359190526662349e-20,5.331955931292602031e-21
1.460000000000000000e+02,3.678679595263331175e-20,4.678841274878380978e-21
1.461999999999999886e+02,3.678679595263331175e-20,4.027681077996627803e-21
1.464000000000000057e+02,3.678679595263331175e-20,3.550726248715484364e-21
1.465999999999999943e+02,3.678679595263331175e-20,3.326487487134879498e-21
1.468000000000000114e+02,3.678679595263331175e-20,2.498308464052697770e-21
1.470000000000000000e+02,3.678679595263331175e-20,2.251988945911016666e-21
1.471999999999999886e+02,3.678679595263331175e-20,2.008853269743968327e-21
1.474000000000000057e+02,3.678679595263331175e-20,1.771034920162850678e-21
1.475999999999999943e+02,3.678679595263331175e-20,1.780199852949497485e-21
1.478000000000000114e+02,-0.000000000000000000e+00,1.549829812157485616e-21
1.480000000000000000e+02,-0.000000000000000000e+00,1.123269086715064269e-21
1.481999999999999886e+02,-0.000000000000000000e+00,1.129535493270610368e-21
1.484000000000000057e+02,-0.000000000000000000e+00,8.834711501923653970e-22
1.485999999999999943e+02,-0.000000000000000000e+00,8.883424191013434341e-22
1.488000000000000114e+02,-0.000000000000000000e+00,8.926320835010036476e-22
1.490000000000000000e+02,-0.000000000000000000e+00,5.297413051483524962e-22
1.491999999999999886e+02,-0.000000000000000000e+00,6.686309515412267201e-22
1.494000000000000057e+02,-0.000000000000000000e+00,6.714791176842223235e-22
1.495999999999999943e+02,-0.000000000000000000e+00,6.739858758644889494e-22
1.498000000000000114e+02,-0.000000000000000000e+00,2.626313020975338469e-22
1.500000000000000000e+02,-0.000000000000000000e+00,2.643906380734396916e-22
1.501999999999999886e+02,-0.000000000000000000e+00,2.659388582807246746e-22
1.504000000000000057e+02,-0.000000000000000000e+00,2.673006466930785862e-22
1.505999999999999943e+02,-0.000000000000000000e+00,2.684979217873769235e-22
1.508000000000000114e+02,-0.000000000000000000e+00,5.008991253337947496e-22
1.510000000000000000e+02,-0.000000000000000000e+00,5.017739933185240565e-22
1.511999999999999886e+02,-0.000000000000000000e+00,5.025432065417922231e-22
1.514000000000000057e+02,-0.000000000000000000e+00,5.674024402531284666e-24
1.515999999999999943e+02,-0.000000000000000000e+00,4.969241297992866179e-24
1.518000000000000114e+02,-0.000000000000000000e+00,4.350939134247376190e-24
1.520000000000000000e+02,-0.000000000000000000e+00,3.808640320948540234e-24
1.521999999999999886e+02,-0.000000000000000000e+00,3.333119926243945908e-24
1.524000000000000057e+02,-0.000000000000000000e+00,2.916257982437180875e-24
1.525999999999999943e+02,-0.000000000000000000e+00,2.550908953177210638e-24
1.528000000000000114e+02,-0.000000000000000000e+00,2.230786398470168601e-24
1.530000000000000000e+02,-0.000000000000000000e+00,1.950361094888367871e-24
1.531999999999999886e+02,-0.000000000000000000e+00,1.704771064967889432e-24
1.534000000000000057e+02,-0.000000000000000000e+00,1.489742144594397770e-24
1.535999999999999943e+02,-0.000000000000000000e+00,1.301517872552621689e-24
1.538000000000000114e+02,-0.000000000000000000e+00,1.136797624478955052e-24
1.540000000000000000e+02,-0.000000000000000000e+00,9.926820361057559355e-25
1.541999999999999886e+02,-0.000000000000000000e+00,8.666248696070102827e-25
1.544000000000000057e+02,-0.000000000000000000e+00,7.563905735620401717e-25
1.545999999999999943e+02,-0.000000000000000000e+00,6.600168728878923533e-25
1.548000000000000114e+02,-0.000000000000000000e+00,5.757818012574306235e-25
1.550000000000000000e+02,-0.000000000000000000e+00,5.021746560857098237e-25
1.551999999999999886e+02,-0.000000000000000000e+00,4.378704160882646702e-25
1.554000000000000057e+02,-0.000000000000000000e+00,3.817072145410900384e-25
1.555999999999999943e+02,-0.000000000000000000e+00,3.326665084603767658e-25
1.558000000000000114e+02,-0.000000000000000000e+00,2.898556256457926084e-25
1.560000000000000000e+02,-0.000000000000000000e+00,2.524924084939094777e-25
1.561999999999999886e+02,-0.000000000000000000e+00,2.198917062235147841e-25
1.564000000000000057e+02,-0.000000000000000000e+00,1.914534961370207338e-25
1.565999999999999943e+02,-0.000000000000000000e+00,1.666524401953029842e-25
1.568000000000000114e+02,-0.000000000000000000e+00,1.450287058831026787e-25
1.570000000000000000e+02,-0.000000000000000000e+00,1.261799004231644809e-25
1.571999999999999886e+02,-0.000000000000000000e+00,1.097539851565745947e-25
1.574000000000000057e+02,-0.000000000000000000e+00,9.544305260850651272e-26
1.575999999999999943e+02,-0.000000000000000000e+00,8.297786263734115392e-26
1.578000000000000114e+02,-0.000000000000000000e+00,7.212304632894303672e-26
1.580000000000000000e+02,-0.000000000000000000e+00,6.267289713203269677e-26
1.581999999999999886e+02,-0.000000000000000000e+00,5.444767829868452927e-26
1.584000000000000057e+02,-0.000000000000000000e+00,4.729038414194867013e-26
1.585999999999999943e+02,-0.000000000000000000e+00,4.106390007935883365e-26
1.588000000000000114e+02,-0.000000000000000000e+00,3.564851301110313803e-26
1.590000000000000000e+02,-0.000000000000000000e+00,3.093972938653951754e-26
1.591999999999999886e+02,-0.000000000000000000e+00,2.684636343219419381e-26
1.594000000000000057e+02,-0.000000000000000000e+00,2.328886252831890710e-26
1.595999999999999943e+02,-0.000000000000000000e+00,2.019784069984845097e-26
1.598000000000000114e+02,-0.000000000000000000e+00,1.751279469374350124e-26
1.600000000000000000e+02,-0.000000000000000000e+00,1.518098020356846214e-26
1.601999999999999886e+02,-0.000000000000000000e+00,1.315642852251349411e-26
1.604000000000000057e+02,-0.000000000000000000e+00,1.139908630138911276e-26
1.605999999999999943e+02,-0.000000000000000000e+00,9.874063196531203269e-27
1.608000000000000114e+02,-0.000000000000000000e+00,8.550974047970533800e-27
1.610000000000000000e+02,-0.000000000000000000e+00,7.403363860561275752e-27
1.611999999999999886e+02,-0.000000000000000000e+00,6.408205296392224443e-27
1.614000000000000057e+02,-0.000000000000000000e+00,5.545459649166114596e-27
1.615999999999999943e+02,-0.000000000000000000e+00,4.797693380851508569e-27
1.618000000000000114e+02,-0.000000000000000000e+00,4.149743276063272753e-27
1.620000000000000000e+02,-0.000000000000000000e+00,3.588424126341942482e-27
1.621999999999999886e+02,-0.000000000000000000e+00,3.102273608956486757e-27
1.624000000000000057e+02,-0.000000000000000000e+00,2.681329685579001539e-27
1.625999999999999943e+02,-0.000000000000000000e+00,2.316936426168472467e-27
1.628000000000000114e+02,-0.000000000000000000e+00,2.001574672401257134e-27
1.630000000000000000e+02,-0.000000000000000000e+00,1.728714401558908127e-27
1.631999999999999886e+02,-0.000000000000000000e+00,1.492686043468774771e-27
1.634000000000000057e+02,-0.000000000000000000e+00,1.288568346561866664e-27
1.635999999999999943e+02,-0.000000000000000000e+00,1.112090690196835769e-27
1.638000000000000114e+02,-0.000000000000000000e+00,9.595480042741315045e-28
1.640000000000000000e+02,-0.000000000000000000e+00,8.277266883560480500e-28
1.641999999999999886e+02,-0.000000000000000000e+00,7.138401250122455173e-28
1.644000000000000057e+02,-0.000000000000000000e+00,6.154725594389670501e-28
1.645999999999999943e+02,-0.000000000000000000e+00,5.305302726385274742e-28
1.648000000000000114e+02,-0.000000000000000000e+00,4.571991113105765539e-28
1.650000000000000000e+02,-0.000000000000000000e+00,3.939075564827748289e-28
1.651999999999999886e+02,-0.000000000000000000e+00,3.392946168910084968e-28
1.654000000000000057e+02,-0.000000000000000000e+00,2.921819240513921641e-28
1.655999999999999943e+02,-0.000000000000000000e+00,2.515494854617359151e-28
1.658000000000000114e+02,-0.000000000000000000e+00,2.165146218506088117e-28
1.660000000000000000e+02,-0.000000000000000000e+00,1.863136751016273439e-28
1.661999999999999886e+02,-0.000000000000000000e+00,1.602861265119933178e-28
1.664000000000000057e+02,-0.000000000000000000e+00,1.378608113566752463e-28
1.665999999999999943e+02,-0.000000000000000000e+00,1.185439561625330236e-28
1.668000000000000114e+02,-0.000000000000000000e+00,1.019088003875797134e-28
1.670000000000000000e+02,-0.000000000000000000e+00,8.758659499463666872e-29
1.671999999999999886e+02,-0.000000000000000000e+00,7.525879727168792257e-29
1.674000000000000057e+02,-0.000000000000000000e+00,6.465030467883079582e-29
1.675999999999999943e+02,-0.000000000000000000e+00,5.552359092748880785e-29
1.678000000000000114e+02,-0.000000000000000000e+00,4.767362530144739386e-29
1.680000000000000000e+02,-0.000000000000000000e+00,4.092347174357442559e-29
1.681999999999999886e+02,-0.000000000000000000e+00,3.512047774754517922e-29
1.684000000000000057e+02,-0.000000000000000000e+00,3.013297486494996458e-29
1.685999999999999943e+02,-0.000000000000000000e+00,2.584742288706732791e-29
1.688000000000000114e+02,-0.000000000000000000e+00,2.216593868184008005e-29
1.690000000000000000e+02,-0.000000000000000000e+00,1.900415843007484827e-29
1.691999999999999886e+02,-0.000000000000000000e+00,1.628938875895874775e-29
1.694000000000000057e+02,-0.000000000000000000e+00,1.395900814540146145e-29
1.695999999999999943e+02,-0.000000000000000000e+00,1.195908506956165933e-29
1.698000000000000114e+02,-0.000000000000000000e+00,1.024318383910396904e-29
1.700000000000000000e+02,-0.000000000000000000e+00,8.771332863449849527e-30
1.701999999999999886e+02,-0.000000000000000000e+00,7.509133509778370691e-30
1.704000000000000057e+02,-0.000000000000000000e+00,6.426990584443743834e-30
1.705999999999999943e+02,-0.000000000000000000e+00,5.499448012007724680e-30
1.708000000000000114e+02,-0.000000000000000000e+00,4.704615479119035223e-30
1.710000000000000000e+02,-0.000000000000000000e+00,4.023673715502494421e-30
1.711999999999999886e+02,-0.000000000000000000e+00,3.440447737184852932e-30
1.714000000000000057e+02,-0.000000000000000000e+00,2.941038810804980857e-30
1.715999999999999943e+02,-0.000000000000000000e+00,2.513507141133226157e-30
1.718000000000000114e+02,-0.000000000000000000e+00,2.147598361771699902e-30
1.720000000000000000e+02,-0.000000000000000000e+00,1.834507843190518231e-30
1.721999999999999886e+02,-0.000000000000000000e+00,1.566677641691911517e-30
1.724000000000000057e+02,-0.000000000000000000e+00,1.337621614067525362e-30
1.725999999999999943e+02,-0.000000000000000000e+00,1.141774829933702585e-30
1.728000000000000114e+02,-0.000000000000000000e+00,9.743639394424318671e-31
1.730000000000000000e+02,-0.000000000000000000e+00,8.312956090980700291e-31
1.731999999999999886e+02,-0.000000000000000000e+00,7.090605321470271721e-31
1.734000000000000057e+02,-0.000000000000000000e+00,6.046508606265956045e-31
1.735999999999999943e+02,-0.000000000000000000e+00,5.154892007379298359e-31
1.738000000000000114e+02,-0.000000000000000000e+00,4.393675679060221413e-31
1.740000000000000000e+02,-0.000000000000000000e+00,3.743949180466627675e-31
1.741999999999999886e+02,-0.000000000000000000e+00,3.189520618062435903e-31
1.744000000000000057e+02,-0.000000000000000000e+00,2.716529329001413549e-31
1.745999999999999943e+02,-0.000000000000000000e+00,2.313113236279461684e-31
1.748000000000000114e+02,-0.000000000000000000e+00,1.969123232149818260e-31
1.750000000000000000e+02,-0.000000000000000000e+00,1.675878004354551043e-31
1.751999999999999886e+02,-0.000000000000000000e+00,1.425953632814667440e-31
1.754000000000000057e+02,-0.000000000000000000e+00,1.213003072209899566e-31
1.755999999999999943e+02,-0.000000000000000000e+00,1.031601315359908361e-31
1.758000000000000114e+02,-0.000000000000000000e+00,8.771126182395174389e-32
1.760000000000000000e+02,-0.000000000000000000e+00,7.455766725641476810e-32
1.761999999999999886e+02,-0.000000000000000000e+00,6.336110471949662657e-32
1.764000000000000057e+02,-0.000000000000000000e+00,5.383275946873904651e-32
1.765999999999999943e+02,-0.000000000000000000e+00,4.572608423819831636e-32
1.768000000000000114e+02,-0.000000000000000000e+00,3.883066656551861742e-32
1.770000000000000000e+02,-0.000000000000000000e+00,3.296697804685772429e-32
1.771999999999999886e+02,-0.000000000000000000e+00,2.798187985079904108e-32
1.774000000000000057e+02,-0.000000000000000000e+00,2.374477655900740407e-32
1.775999999999999943e+02,-0.000000000000000000e+00,2.014432566050779993e-32
1.778000000000000114e+02,-0.000000000000000000e+00,1.708562314935622165e-32
1.780000000000000000e+02,-0.000000000000000000e+00,1.448779695806332765e-32
1.781999999999999886e+02,-0.000000000000000000e+00,1.228194965694961108e-32
1.784000000000000057e+02,-0.000000000000000000e+00,1.040940018304935577e-32
1.785999999999999943e+02,-0.000000000000000000e+00,8.820181521253933563e-33
1.788000000000000114e+02,-0.000000000000000000e+00,7.471757408962338144e-33
1.790000000000000000e+02,-0.000000000000000000e+00,6.327926414817184829e-33
1.791999999999999886e+02,-0.000000000000000000e+00,5.357886273816763981e-33
1.794000000000000057e+02,-0.000000000000000000e+00,4.535435250055936982e-33
1.795999999999999943e+02,-0.000000000000000000e+00,3.838290634822478429e-33
1.798000000000000114e+02,-0.000000000000000000e+00,3.247507349497773666e-33
1.800000000000000000e+02,-0.000000000000000000e+00,2.746982076576028915e-33
1.801999999999999886e+02,-0.000000000000000000e+00,2.323030445691915052e-33
1.804000000000000057e+02,-0.000000000000000000e+00,1.964026604363715718e-33
1.805999999999999943e+02,-0.000000000000000000e+00,1.660096047798008983e-33
1.808000000000000114e+02,-0.000000000000000000e+00,1.402853905191909511e-33
1.810000000000000000e+02,-0.000000000000000000e+00,1.185182012981664257e-33
1.811999999999999886e+02,-0.000000000000000000e+00,1.001039075470863122e-33
1.814000000000000057e+02,-0.000000000000000000e+00,8.452990434670498968e-34
1.815999999999999943e+02,-0.000000000000000000e+00,7.136135519166563159e-34
1.818000000000000114e+02,-0.000000000000000000e+00,6.022948651922603844e-34
1.820000000000000000e+02,-0.000000000000000000e+00,5.082162983622442352e-34
1.821999999999999886e+02,-0.000000000000000000e+00,4.287275270817728206e-34
1.824000000000000057e+02,-0.000000000000000000e+00,3.615825785176918311e-34
1.825999999999999943e+02,-0.000000000000000000e+00,3.048786202431919684e-34
1.828000000000000114e+02,-0.000000000000000000e+00,2.570039412772939360e-34
1.830000000000000000e+02,-0.000000000000000000e+00,2.165937562252451613e-34
1.831999999999999886e+02,-0.000000000000000000e+00,1.824926656489461441e-34
1.834000000000000057e+02,-0.000000000000000000e+00,1.537227783748220044e-34
1.835999999999999943e+02,-0.000000000000000000e+00,1.294566487228490560e-34
1.838000000000000114e+02,-0.000000000000000000e+00,1.089943072907036603e-34
1.840000000000000000e+02,-0.000000000000000000e+00,9.174377109926446984e-35
1.841999999999999886e+02,-0.000000000000000000e+00,7.720451029198239259e-35
1.844000000000000057e+02,-0.000000000000000000e+00,6.495342648645750354e-35
1.845999999999999943e+02,-0.000000000000000000e+00,5.463296427230208531e-35
1.848000000000000114e+02,-0.000000000000000000e+00,4.594103392067466835e-35
1.850000000000000000e+02,-0.000000000000000000e+00,3.862247155894131399e-35
1.851999999999999886e+02,-0.000000000000000000e+00,3.246180409979317490e-35
1.854000000000000057e+02,-0.000000000000000000e+00,2.727712115045722774e-35
1.855999999999999943e+02,-0.000000000000000000e+00,2.291488586300147899e-35
1.858000000000000114e+02,-0.000000000000000000e+00,1.924554198867995152e-35
1.860000000000000000e+02,-0.000000000000000000e+00,1.615979592329045230e-35
1.861999999999999886e+02,-0.000000000000000000e+00,1.356547083560445280e-35
1.864000000000000057e+02,-0.000000000000000000e+00,1.138484553463258207e-35
1.865999999999999943e+02,-0.000000000000000000e+00,9.552403960663157234e-36
1.868000000000000114e+02,-0.000000000000000000e+00,8.012932426944948411e-36
1.870000000000000000e+02,-0.000000000000000000e+00,6.719911289597180905e-36
1.871999999999999886e+02,-0.000000000000000000e+00,5.634155835002071690e-36
1.874000000000000057e+02,-0.000000000000000000e+00,4.722668061699624125e-36
1.875999999999999943e+02,-0.000000000000000000e+00,3.957666880670729004e-36
1.878000000000000114e+02,-0.000000000000000000e+00,3.315769219930387368e-36
1.880000000000000000e+02,-0.000000000000000000e+00,2.777298729322653161e-36
1.881999999999999886e+02,-0.000000000000000000e+00,2.325702352347301462e-36
1.884000000000000057e+02,-0.000000000000000000e+00,1.947058059985721177e-36
1.885999999999999943e+02,-0.000000000000000000e+00,1.629659608625383634e-36
1.888000000000000114e+02,-0.000000000000000000e+00,1.363666359946260733e-36
1.890000000000000000e+02,-0.000000000000000000e+00,1.140808044194494520e-36
1.891999999999999886e+02,-0.000000000000000000e+00,9.541359099374754528e-37
1.894000000000000057e+02,-0.000000000000000000e+00,7.978130259334509292e-37
1.895999999999999943e+02,-0.000000000000000000e+00,6.669376204713130018e-37
1.898000000000000114e+02,-0.000000000000000000e+00,5.573942912972126480e-37
1.900000000000000000e+02,-0.000000000000000000e+00,4.657287212465837266e-37
1.901999999999999886e+02,-0.000000000000000000e+00,3.890422131724319995e-37
1.904000000000000057e+02,-0.000000000000000000e+00,3.249029315877491869e-37
1.905999999999999943e+02,-0.000000000000000000e+00,2.712712236275032904e-37
1.908000000000000114e+02,-0.000000000000000000e+00,2.264368020713758736e-37
1.910000000000000000e+02,-0.000000000000000000e+00,1.889659197703099113e-37
1.911999999999999886e+02,-0.000000000000000000e+00,1.576569576509720798e-37
1.914000000000000057e+02,-0.000000000000000000e+00,1.315030958116467670e-37
1.915999999999999943e+02,-0.000000000000000000e+00,1.096609460813126077e-37
1.918000000000000114e+02,-0.000000000000000000e+00,9.142420073182469634e-38
1.920000000000000000e+02,-0.000000000000000000e+00,7.620150084231465850e-38
1.921999999999999886e+02,-0.000000000000000000e+00,6.349785337299032416e-38
1.924000000000000057e+02,-0.000000000000000000e+00,5.289903191855404528e-38
1.925999999999999943e+02,-0.000000000000000000e+00,4.405848542906662185e-38
1.928000000000000114e+02,-0.000000000000000000e+00,3.668635448890738200e-38
1.930000000000000000e+02,-0.000000000000000000e+00,3.054025821522019874e-38
1.931999999999999886e+02,-0.000000000000000000e+00,2.541756832040410296e-38
1.934000000000000057e+02,-0.000000000000000000e+00,2.114893193913649332e-38
1.935999999999999943e+02,-0.000000000000000000e+00,1.759284276662052110e-38
1.938000000000000114e+02,-0.000000000000000000e+00,1.463109200491233824e-38
1.940000000000000000e+02,-0.000000000000000000e+00,1.216495750869187054e-38
1.941999999999999886e+02,-0.000000000000000000e+00,1.011201215465526075e-38
1.944000000000000057e+02,-0.000000000000000000e+00,8.403451500241528255e-39
1.945999999999999943e+02,-0.000000000000000000e+00,6.981856813203639062e-39
1.948000000000000114e+02,-0.000000000000000000e+00,5.799323020946318584e-39
1.950000000000000000e+02,-0.000000000000000000e+00,4.815892450042085202e-39
1.951999999999999886e+02,-0.000000000000000000e+00,3.998244741348187170e-39
1.954000000000000057e+02,-0.000000000000000000e+00,3.318601320871435679e-39
1.955999999999999943e+02,-0.000000000000000000e+00,2.753809522044904625e-39
1.958000000000000114e+02,-0.000000000000000000e+00,2.284577094654433805e-39
1.960000000000000000e+02,-0.000000000000000000e+00,1.894832570391097248e-39
1.961999999999999886e+02,-0.000000000000000000e+00,1.571190929049523224e-39
1.964000000000000057e+02,-0.000000000000000000e+00,1.302507344092387964e-39
1.965999999999999943e+02,-0.000000000000000000e+00,1.079504583767479192e-39
1.968000000000000114e+02,-0.000000000000000000e+00,8.944619901443584811e-40
1.970000000000000000e+02,-0.000000000000000000e+00,7.409559256117190850e-40
1.971999999999999886e+02,-0.000000000000000000e+00,6.136432253371597370e-40
1.974000000000000057e+02,-0.000000000000000000e+00,5.080805760571526297e-40
1.975999999999999943e+02,-0.000000000000000000e+00,4.205738992878869954e-40
1.978000000000000114e+02,-0.000000000000000000e+00,3.480527867386775363e-40
1.980000000000000000e+02,-0.000000000000000000e+00,2.879658476898105807e-40
1.981999999999999886e+02,-0.000000000000000000e+00,2.381935078403548456e-40
1.984000000000000057e+02,-0.000000000000000000e+00,1.969753680254068870e-40
1.985999999999999943e+02,-0.000000000000000000e+00,1.628497071984771505e-40
1.988000000000000114e+02,-0.000000000000000000e+00,1.346031122385039142e-40
1.990000000000000000e+02,-0.000000000000000000e+00,1.112285501129406429e-40
1.991999999999999886e+02,-0.000000000000000000e+00,9.189047630841200385e-41
1.994000000000000057e+02,-0.000000000000000000e+00,7.589580611923529127e-41
1.995999999999999943e+02,-0.000000000000000000e+00,6.266976981304533939e-41
1.998000000000000114e+02,-0.000000000000000000e+00,5.173583511724500348e-41
2.000000000000000000e+02,-0.000000000000000000e+00,4.269901612300367661e-41
